[     549ms] [INFO] %cDownload the React DevTools for a better development experience: https://react.dev/link/react-devtools font-weight:bold @ http://localhost:3000/_next/static/chunks/node_modules_next_dist_1e8vcs8._.js:776
[     664ms] [LOG] [HMR] connected @ http://localhost:3000/_next/static/chunks/node_modules_next_dist_1e8vcs8._.js:776
[   78721ms] [LOG] [Fast Refresh] rebuilding @ http://localhost:3000/_next/static/chunks/node_modules_next_dist_1e8vcs8._.js:776
[   78771ms] [LOG] [Fast Refresh] done in 23ms @ http://localhost:3000/_next/static/chunks/node_modules_next_dist_1e8vcs8._.js:776
[   78810ms] [LOG] [Fast Refresh] done in 23ms @ http://localhost:3000/_next/static/chunks/node_modules_next_dist_1e8vcs8._.js:776
[   78850ms] [LOG] [Fast Refresh] done in 23ms @ http://localhost:3000/_next/static/chunks/node_modules_next_dist_1e8vcs8._.js:776
[   78887ms] [LOG] [Fast Refresh] done in 23ms @ http://localhost:3000/_next/static/chunks/node_modules_next_dist_1e8vcs8._.js:776
[   78923ms] [LOG] [Fast Refresh] done in 23ms @ http://localhost:3000/_next/static/chunks/node_modules_next_dist_1e8vcs8._.js:776
[   78960ms] [LOG] [Fast Refresh] done in 23ms @ http://localhost:3000/_next/static/chunks/node_modules_next_dist_1e8vcs8._.js:776
[   78998ms] [LOG] [Fast Refresh] done in 23ms @ http://localhost:3000/_next/static/chunks/node_modules_next_dist_1e8vcs8._.js:776
[   79034ms] [LOG] [Fast Refresh] done in 23ms @ http://localhost:3000/_next/static/chunks/node_modules_next_dist_1e8vcs8._.js:776
[   79070ms] [LOG] [Fast Refresh] done in 23ms @ http://localhost:3000/_next/static/chunks/node_modules_next_dist_1e8vcs8._.js:776
[   79107ms] [LOG] [Fast Refresh] done in 23ms @ http://localhost:3000/_next/static/chunks/node_modules_next_dist_1e8vcs8._.js:776
[   79144ms] [LOG] [Fast Refresh] done in 23ms @ http://localhost:3000/_next/static/chunks/node_modules_next_dist_1e8vcs8._.js:776
[   79181ms] [LOG] [Fast Refresh] done in 23ms @ http://localhost:3000/_next/static/chunks/node_modules_next_dist_1e8vcs8._.js:776
[   79218ms] [LOG] [Fast Refresh] done in 23ms @ http://localhost:3000/_next/static/chunks/node_modules_next_dist_1e8vcs8._.js:776
[   79254ms] [LOG] [Fast Refresh] done in 23ms @ http://localhost:3000/_next/static/chunks/node_modules_next_dist_1e8vcs8._.js:776
[   79290ms] [LOG] [Fast Refresh] done in 23ms @ http://localhost:3000/_next/static/chunks/node_modules_next_dist_1e8vcs8._.js:776
[   79326ms] [LOG] [Fast Refresh] done in 23ms @ http://localhost:3000/_next/static/chunks/node_modules_next_dist_1e8vcs8._.js:776
[   79361ms] [LOG] [Fast Refresh] done in 23ms @ http://localhost:3000/_next/static/chunks/node_modules_next_dist_1e8vcs8._.js:776
[   79398ms] [LOG] [Fast Refresh] done in 23ms @ http://localhost:3000/_next/static/chunks/node_modules_next_dist_1e8vcs8._.js:776
[   79435ms] [LOG] [Fast Refresh] done in 23ms @ http://localhost:3000/_next/static/chunks/node_modules_next_dist_1e8vcs8._.js:776
[   79472ms] [LOG] [Fast Refresh] done in 23ms @ http://localhost:3000/_next/static/chunks/node_modules_next_dist_1e8vcs8._.js:776
[   79508ms] [LOG] [Fast Refresh] done in 23ms @ http://localhost:3000/_next/static/chunks/node_modules_next_dist_1e8vcs8._.js:776
[   79545ms] [LOG] [Fast Refresh] done in 23ms @ http://localhost:3000/_next/static/chunks/node_modules_next_dist_1e8vcs8._.js:776
[   79581ms] [LOG] [Fast Refresh] done in 23ms @ http://localhost:3000/_next/static/chunks/node_modules_next_dist_1e8vcs8._.js:776
[   79617ms] [LOG] [Fast Refresh] done in 23ms @ http://localhost:3000/_next/static/chunks/node_modules_next_dist_1e8vcs8._.js:776
[   79651ms] [LOG] [Fast Refresh] done in 23ms @ http://localhost:3000/_next/static/chunks/node_modules_next_dist_1e8vcs8._.js:776
[   79687ms] [LOG] [Fast Refresh] done in 23ms @ http://localhost:3000/_next/static/chunks/node_modules_next_dist_1e8vcs8._.js:776
[   79724ms] [LOG] [Fast Refresh] done in 23ms @ http://localhost:3000/_next/static/chunks/node_modules_next_dist_1e8vcs8._.js:776
[   79761ms] [LOG] [Fast Refresh] done in 23ms @ http://localhost:3000/_next/static/chunks/node_modules_next_dist_1e8vcs8._.js:776
[   79797ms] [LOG] [Fast Refresh] done in 23ms @ http://localhost:3000/_next/static/chunks/node_modules_next_dist_1e8vcs8._.js:776
[   79833ms] [LOG] [Fast Refresh] done in 23ms @ http://localhost:3000/_next/static/chunks/node_modules_next_dist_1e8vcs8._.js:776
[   79870ms] [LOG] [Fast Refresh] done in 23ms @ http://localhost:3000/_next/static/chunks/node_modules_next_dist_1e8vcs8._.js:776
[   79907ms] [LOG] [Fast Refresh] done in 23ms @ http://localhost:3000/_next/static/chunks/node_modules_next_dist_1e8vcs8._.js:776
[   79945ms] [LOG] [Fast Refresh] done in 23ms @ http://localhost:3000/_next/static/chunks/node_modules_next_dist_1e8vcs8._.js:776
[   79982ms] [LOG] [Fast Refresh] done in 23ms @ http://localhost:3000/_next/static/chunks/node_modules_next_dist_1e8vcs8._.js:776
[   80018ms] [LOG] [Fast Refresh] done in 23ms @ http://localhost:3000/_next/static/chunks/node_modules_next_dist_1e8vcs8._.js:776
[   80055ms] [LOG] [Fast Refresh] done in 23ms @ http://localhost:3000/_next/static/chunks/node_modules_next_dist_1e8vcs8._.js:776
[   80091ms] [LOG] [Fast Refresh] done in 23ms @ http://localhost:3000/_next/static/chunks/node_modules_next_dist_1e8vcs8._.js:776
[   80129ms] [LOG] [Fast Refresh] done in 23ms @ http://localhost:3000/_next/static/chunks/node_modules_next_dist_1e8vcs8._.js:776
[   80165ms] [LOG] [Fast Refresh] done in 23ms @ http://localhost:3000/_next/static/chunks/node_modules_next_dist_1e8vcs8._.js:776
[   80203ms] [LOG] [Fast Refresh] done in 23ms @ http://localhost:3000/_next/static/chunks/node_modules_next_dist_1e8vcs8._.js:776
[   80240ms] [LOG] [Fast Refresh] done in 23ms @ http://localhost:3000/_next/static/chunks/node_modules_next_dist_1e8vcs8._.js:776
[   80276ms] [LOG] [Fast Refresh] done in 23ms @ http://localhost:3000/_next/static/chunks/node_modules_next_dist_1e8vcs8._.js:776
[   80314ms] [LOG] [Fast Refresh] done in 23ms @ http://localhost:3000/_next/static/chunks/node_modules_next_dist_1e8vcs8._.js:776
[   80352ms] [LOG] [Fast Refresh] done in 23ms @ http://localhost:3000/_next/static/chunks/node_modules_next_dist_1e8vcs8._.js:776
[   80387ms] [LOG] [Fast Refresh] done in 23ms @ http://localhost:3000/_next/static/chunks/node_modules_next_dist_1e8vcs8._.js:776
[   80423ms] [LOG] [Fast Refresh] done in 23ms @ http://localhost:3000/_next/static/chunks/node_modules_next_dist_1e8vcs8._.js:776
[   80459ms] [LOG] [Fast Refresh] done in 23ms @ http://localhost:3000/_next/static/chunks/node_modules_next_dist_1e8vcs8._.js:776
[   80495ms] [LOG] [Fast Refresh] done in 23ms @ http://localhost:3000/_next/static/chunks/node_modules_next_dist_1e8vcs8._.js:776
[   80532ms] [LOG] [Fast Refresh] done in 23ms @ http://localhost:3000/_next/static/chunks/node_modules_next_dist_1e8vcs8._.js:776
[   80569ms] [LOG] [Fast Refresh] done in 23ms @ http://localhost:3000/_next/static/chunks/node_modules_next_dist_1e8vcs8._.js:776
[   80605ms] [LOG] [Fast Refresh] done in 23ms @ http://localhost:3000/_next/static/chunks/node_modules_next_dist_1e8vcs8._.js:776
[   80640ms] [LOG] [Fast Refresh] done in 23ms @ http://localhost:3000/_next/static/chunks/node_modules_next_dist_1e8vcs8._.js:776
[   80678ms] [LOG] [Fast Refresh] done in 23ms @ http://localhost:3000/_next/static/chunks/node_modules_next_dist_1e8vcs8._.js:776
[   80715ms] [LOG] [Fast Refresh] done in 23ms @ http://localhost:3000/_next/static/chunks/node_modules_next_dist_1e8vcs8._.js:776
[   80751ms] [LOG] [Fast Refresh] done in 23ms @ http://localhost:3000/_next/static/chunks/node_modules_next_dist_1e8vcs8._.js:776
[   80787ms] [LOG] [Fast Refresh] done in 23ms @ http://localhost:3000/_next/static/chunks/node_modules_next_dist_1e8vcs8._.js:776
[   80822ms] [LOG] [Fast Refresh] done in 23ms @ http://localhost:3000/_next/static/chunks/node_modules_next_dist_1e8vcs8._.js:776
[   80857ms] [LOG] [Fast Refresh] done in 23ms @ http://localhost:3000/_next/static/chunks/node_modules_next_dist_1e8vcs8._.js:776
[   80893ms] [LOG] [Fast Refresh] done in 23ms @ http://localhost:3000/_next/static/chunks/node_modules_next_dist_1e8vcs8._.js:776
[   80928ms] [LOG] [Fast Refresh] done in 23ms @ http://localhost:3000/_next/static/chunks/node_modules_next_dist_1e8vcs8._.js:776
[   80966ms] [LOG] [Fast Refresh] done in 23ms @ http://localhost:3000/_next/static/chunks/node_modules_next_dist_1e8vcs8._.js:776
[   81004ms] [LOG] [Fast Refresh] done in 23ms @ http://localhost:3000/_next/static/chunks/node_modules_next_dist_1e8vcs8._.js:776
[   81040ms] [LOG] [Fast Refresh] done in 23ms @ http://localhost:3000/_next/static/chunks/node_modules_next_dist_1e8vcs8._.js:776
[   81076ms] [LOG] [Fast Refresh] done in 23ms @ http://localhost:3000/_next/static/chunks/node_modules_next_dist_1e8vcs8._.js:776
[   81112ms] [LOG] [Fast Refresh] done in 23ms @ http://localhost:3000/_next/static/chunks/node_modules_next_dist_1e8vcs8._.js:776
[   81147ms] [LOG] [Fast Refresh] done in 23ms @ http://localhost:3000/_next/static/chunks/node_modules_next_dist_1e8vcs8._.js:776
[   81184ms] [LOG] [Fast Refresh] done in 23ms @ http://localhost:3000/_next/static/chunks/node_modules_next_dist_1e8vcs8._.js:776
[   81220ms] [LOG] [Fast Refresh] done in 23ms @ http://localhost:3000/_next/static/chunks/node_modules_next_dist_1e8vcs8._.js:776
[   81255ms] [LOG] [Fast Refresh] done in 23ms @ http://localhost:3000/_next/static/chunks/node_modules_next_dist_1e8vcs8._.js:776
[   81293ms] [LOG] [Fast Refresh] done in 23ms @ http://localhost:3000/_next/static/chunks/node_modules_next_dist_1e8vcs8._.js:776
[   81330ms] [LOG] [Fast Refresh] done in 23ms @ http://localhost:3000/_next/static/chunks/node_modules_next_dist_1e8vcs8._.js:776
[   81364ms] [LOG] [Fast Refresh] done in 23ms @ http://localhost:3000/_next/static/chunks/node_modules_next_dist_1e8vcs8._.js:776
[   81400ms] [LOG] [Fast Refresh] done in 23ms @ http://localhost:3000/_next/static/chunks/node_modules_next_dist_1e8vcs8._.js:776
[   81436ms] [LOG] [Fast Refresh] done in 23ms @ http://localhost:3000/_next/static/chunks/node_modules_next_dist_1e8vcs8._.js:776
[   81473ms] [LOG] [Fast Refresh] done in 23ms @ http://localhost:3000/_next/static/chunks/node_modules_next_dist_1e8vcs8._.js:776
[   81510ms] [LOG] [Fast Refresh] done in 23ms @ http://localhost:3000/_next/static/chunks/node_modules_next_dist_1e8vcs8._.js:776
[   81545ms] [LOG] [Fast Refresh] done in 23ms @ http://localhost:3000/_next/static/chunks/node_modules_next_dist_1e8vcs8._.js:776
[   81582ms] [LOG] [Fast Refresh] done in 23ms @ http://localhost:3000/_next/static/chunks/node_modules_next_dist_1e8vcs8._.js:776
[   81619ms] [LOG] [Fast Refresh] done in 23ms @ http://localhost:3000/_next/static/chunks/node_modules_next_dist_1e8vcs8._.js:776
[   81655ms] [LOG] [Fast Refresh] done in 23ms @ http://localhost:3000/_next/static/chunks/node_modules_next_dist_1e8vcs8._.js:776
[   81691ms] [LOG] [Fast Refresh] done in 23ms @ http://localhost:3000/_next/static/chunks/node_modules_next_dist_1e8vcs8._.js:776
[   81728ms] [LOG] [Fast Refresh] done in 23ms @ http://localhost:3000/_next/static/chunks/node_modules_next_dist_1e8vcs8._.js:776
[   81767ms] [LOG] [Fast Refresh] done in 23ms @ http://localhost:3000/_next/static/chunks/node_modules_next_dist_1e8vcs8._.js:776
[   81804ms] [LOG] [Fast Refresh] done in 23ms @ http://localhost:3000/_next/static/chunks/node_modules_next_dist_1e8vcs8._.js:776
[   81841ms] [LOG] [Fast Refresh] done in 23ms @ http://localhost:3000/_next/static/chunks/node_modules_next_dist_1e8vcs8._.js:776
[   81877ms] [LOG] [Fast Refresh] done in 23ms @ http://localhost:3000/_next/static/chunks/node_modules_next_dist_1e8vcs8._.js:776
[   81915ms] [LOG] [Fast Refresh] done in 23ms @ http://localhost:3000/_next/static/chunks/node_modules_next_dist_1e8vcs8._.js:776
[   81951ms] [LOG] [Fast Refresh] done in 23ms @ http://localhost:3000/_next/static/chunks/node_modules_next_dist_1e8vcs8._.js:776
[   81988ms] [LOG] [Fast Refresh] done in 23ms @ http://localhost:3000/_next/static/chunks/node_modules_next_dist_1e8vcs8._.js:776
[   82023ms] [LOG] [Fast Refresh] done in 23ms @ http://localhost:3000/_next/static/chunks/node_modules_next_dist_1e8vcs8._.js:776
[   82059ms] [LOG] [Fast Refresh] done in 23ms @ http://localhost:3000/_next/static/chunks/node_modules_next_dist_1e8vcs8._.js:776
[   82095ms] [LOG] [Fast Refresh] done in 23ms @ http://localhost:3000/_next/static/chunks/node_modules_next_dist_1e8vcs8._.js:776
[   82131ms] [LOG] [Fast Refresh] done in 23ms @ http://localhost:3000/_next/static/chunks/node_modules_next_dist_1e8vcs8._.js:776
[   82168ms] [LOG] [Fast Refresh] done in 23ms @ http://localhost:3000/_next/static/chunks/node_modules_next_dist_1e8vcs8._.js:776
[   82205ms] [LOG] [Fast Refresh] done in 23ms @ http://localhost:3000/_next/static/chunks/node_modules_next_dist_1e8vcs8._.js:776
[   82241ms] [LOG] [Fast Refresh] done in 23ms @ http://localhost:3000/_next/static/chunks/node_modules_next_dist_1e8vcs8._.js:776
[   82277ms] [LOG] [Fast Refresh] done in 23ms @ http://localhost:3000/_next/static/chunks/node_modules_next_dist_1e8vcs8._.js:776
[   82312ms] [LOG] [Fast Refresh] done in 23ms @ http://localhost:3000/_next/static/chunks/node_modules_next_dist_1e8vcs8._.js:776
[   82348ms] [LOG] [Fast Refresh] done in 23ms @ http://localhost:3000/_next/static/chunks/node_modules_next_dist_1e8vcs8._.js:776
[   82384ms] [LOG] [Fast Refresh] done in 23ms @ http://localhost:3000/_next/static/chunks/node_modules_next_dist_1e8vcs8._.js:776
[   82420ms] [LOG] [Fast Refresh] done in 23ms @ http://localhost:3000/_next/static/chunks/node_modules_next_dist_1e8vcs8._.js:776
[   82456ms] [LOG] [Fast Refresh] done in 23ms @ http://localhost:3000/_next/static/chunks/node_modules_next_dist_1e8vcs8._.js:776
[   82493ms] [LOG] [Fast Refresh] done in 23ms @ http://localhost:3000/_next/static/chunks/node_modules_next_dist_1e8vcs8._.js:776
[   82529ms] [LOG] [Fast Refresh] done in 23ms @ http://localhost:3000/_next/static/chunks/node_modules_next_dist_1e8vcs8._.js:776
[   82565ms] [LOG] [Fast Refresh] done in 23ms @ http://localhost:3000/_next/static/chunks/node_modules_next_dist_1e8vcs8._.js:776
[   82601ms] [LOG] [Fast Refresh] done in 23ms @ http://localhost:3000/_next/static/chunks/node_modules_next_dist_1e8vcs8._.js:776
[   82640ms] [LOG] [Fast Refresh] done in 23ms @ http://localhost:3000/_next/static/chunks/node_modules_next_dist_1e8vcs8._.js:776
[   82676ms] [LOG] [Fast Refresh] done in 23ms @ http://localhost:3000/_next/static/chunks/node_modules_next_dist_1e8vcs8._.js:776
[   82711ms] [LOG] [Fast Refresh] done in 23ms @ http://localhost:3000/_next/static/chunks/node_modules_next_dist_1e8vcs8._.js:776
[   82748ms] [LOG] [Fast Refresh] done in 23ms @ http://localhost:3000/_next/static/chunks/node_modules_next_dist_1e8vcs8._.js:776
[   82785ms] [LOG] [Fast Refresh] done in 23ms @ http://localhost:3000/_next/static/chunks/node_modules_next_dist_1e8vcs8._.js:776
[   82820ms] [LOG] [Fast Refresh] done in 23ms @ http://localhost:3000/_next/static/chunks/node_modules_next_dist_1e8vcs8._.js:776
[   82856ms] [LOG] [Fast Refresh] done in 23ms @ http://localhost:3000/_next/static/chunks/node_modules_next_dist_1e8vcs8._.js:776
[   82893ms] [LOG] [Fast Refresh] done in 23ms @ http://localhost:3000/_next/static/chunks/node_modules_next_dist_1e8vcs8._.js:776
[   82929ms] [LOG] [Fast Refresh] done in 23ms @ http://localhost:3000/_next/static/chunks/node_modules_next_dist_1e8vcs8._.js:776
[   82965ms] [LOG] [Fast Refresh] done in 23ms @ http://localhost:3000/_next/static/chunks/node_modules_next_dist_1e8vcs8._.js:776
[   83002ms] [LOG] [Fast Refresh] done in 23ms @ http://localhost:3000/_next/static/chunks/node_modules_next_dist_1e8vcs8._.js:776
[   83038ms] [LOG] [Fast Refresh] done in 23ms @ http://localhost:3000/_next/static/chunks/node_modules_next_dist_1e8vcs8._.js:776
[   83075ms] [LOG] [Fast Refresh] done in 23ms @ http://localhost:3000/_next/static/chunks/node_modules_next_dist_1e8vcs8._.js:776
[   83125ms] [LOG] [Fast Refresh] done in 23ms @ http://localhost:3000/_next/static/chunks/node_modules_next_dist_1e8vcs8._.js:776
[   83161ms] [LOG] [Fast Refresh] done in 23ms @ http://localhost:3000/_next/static/chunks/node_modules_next_dist_1e8vcs8._.js:776
[   83197ms] [LOG] [Fast Refresh] done in 23ms @ http://localhost:3000/_next/static/chunks/node_modules_next_dist_1e8vcs8._.js:776
[   83234ms] [LOG] [Fast Refresh] done in 23ms @ http://localhost:3000/_next/static/chunks/node_modules_next_dist_1e8vcs8._.js:776
[   83270ms] [LOG] [Fast Refresh] done in 23ms @ http://localhost:3000/_next/static/chunks/node_modules_next_dist_1e8vcs8._.js:776
[   83306ms] [LOG] [Fast Refresh] done in 23ms @ http://localhost:3000/_next/static/chunks/node_modules_next_dist_1e8vcs8._.js:776
[   83342ms] [LOG] [Fast Refresh] done in 23ms @ http://localhost:3000/_next/static/chunks/node_modules_next_dist_1e8vcs8._.js:776
[   83380ms] [LOG] [Fast Refresh] done in 23ms @ http://localhost:3000/_next/static/chunks/node_modules_next_dist_1e8vcs8._.js:776
[   83418ms] [LOG] [Fast Refresh] done in 23ms @ http://localhost:3000/_next/static/chunks/node_modules_next_dist_1e8vcs8._.js:776
[   83454ms] [LOG] [Fast Refresh] done in 23ms @ http://localhost:3000/_next/static/chunks/node_modules_next_dist_1e8vcs8._.js:776
[   83490ms] [LOG] [Fast Refresh] done in 23ms @ http://localhost:3000/_next/static/chunks/node_modules_next_dist_1e8vcs8._.js:776
[   83526ms] [LOG] [Fast Refresh] done in 23ms @ http://localhost:3000/_next/static/chunks/node_modules_next_dist_1e8vcs8._.js:776
[   83563ms] [LOG] [Fast Refresh] done in 23ms @ http://localhost:3000/_next/static/chunks/node_modules_next_dist_1e8vcs8._.js:776
[   83600ms] [LOG] [Fast Refresh] done in 23ms @ http://localhost:3000/_next/static/chunks/node_modules_next_dist_1e8vcs8._.js:776
[   83636ms] [LOG] [Fast Refresh] done in 23ms @ http://localhost:3000/_next/static/chunks/node_modules_next_dist_1e8vcs8._.js:776
[   83672ms] [LOG] [Fast Refresh] done in 23ms @ http://localhost:3000/_next/static/chunks/node_modules_next_dist_1e8vcs8._.js:776
[   83709ms] [LOG] [Fast Refresh] done in 23ms @ http://localhost:3000/_next/static/chunks/node_modules_next_dist_1e8vcs8._.js:776
[   83745ms] [LOG] [Fast Refresh] done in 23ms @ http://localhost:3000/_next/static/chunks/node_modules_next_dist_1e8vcs8._.js:776
[   83780ms] [LOG] [Fast Refresh] done in 23ms @ http://localhost:3000/_next/static/chunks/node_modules_next_dist_1e8vcs8._.js:776
[   83816ms] [LOG] [Fast Refresh] done in 23ms @ http://localhost:3000/_next/static/chunks/node_modules_next_dist_1e8vcs8._.js:776
[   83852ms] [LOG] [Fast Refresh] done in 23ms @ http://localhost:3000/_next/static/chunks/node_modules_next_dist_1e8vcs8._.js:776
[   83889ms] [LOG] [Fast Refresh] done in 23ms @ http://localhost:3000/_next/static/chunks/node_modules_next_dist_1e8vcs8._.js:776
[   83924ms] [LOG] [Fast Refresh] done in 23ms @ http://localhost:3000/_next/static/chunks/node_modules_next_dist_1e8vcs8._.js:776
[   83961ms] [LOG] [Fast Refresh] done in 23ms @ http://localhost:3000/_next/static/chunks/node_modules_next_dist_1e8vcs8._.js:776
[   84000ms] [LOG] [Fast Refresh] done in 23ms @ http://localhost:3000/_next/static/chunks/node_modules_next_dist_1e8vcs8._.js:776
[   84036ms] [LOG] [Fast Refresh] done in 23ms @ http://localhost:3000/_next/static/chunks/node_modules_next_dist_1e8vcs8._.js:776
[   84072ms] [LOG] [Fast Refresh] done in 23ms @ http://localhost:3000/_next/static/chunks/node_modules_next_dist_1e8vcs8._.js:776
[   84108ms] [LOG] [Fast Refresh] done in 23ms @ http://localhost:3000/_next/static/chunks/node_modules_next_dist_1e8vcs8._.js:776
[   84144ms] [LOG] [Fast Refresh] done in 23ms @ http://localhost:3000/_next/static/chunks/node_modules_next_dist_1e8vcs8._.js:776
[   84180ms] [LOG] [Fast Refresh] done in 23ms @ http://localhost:3000/_next/static/chunks/node_modules_next_dist_1e8vcs8._.js:776
[   84218ms] [LOG] [Fast Refresh] done in 23ms @ http://localhost:3000/_next/static/chunks/node_modules_next_dist_1e8vcs8._.js:776
[   84254ms] [LOG] [Fast Refresh] done in 23ms @ http://localhost:3000/_next/static/chunks/node_modules_next_dist_1e8vcs8._.js:776
[   84292ms] [LOG] [Fast Refresh] done in 23ms @ http://localhost:3000/_next/static/chunks/node_modules_next_dist_1e8vcs8._.js:776
[   84329ms] [LOG] [Fast Refresh] done in 23ms @ http://localhost:3000/_next/static/chunks/node_modules_next_dist_1e8vcs8._.js:776
[   84367ms] [LOG] [Fast Refresh] done in 23ms @ http://localhost:3000/_next/static/chunks/node_modules_next_dist_1e8vcs8._.js:776
[   84402ms] [LOG] [Fast Refresh] done in 23ms @ http://localhost:3000/_next/static/chunks/node_modules_next_dist_1e8vcs8._.js:776
[   84437ms] [LOG] [Fast Refresh] done in 23ms @ http://localhost:3000/_next/static/chunks/node_modules_next_dist_1e8vcs8._.js:776
[   84472ms] [LOG] [Fast Refresh] done in 23ms @ http://localhost:3000/_next/static/chunks/node_modules_next_dist_1e8vcs8._.js:776
[   84510ms] [LOG] [Fast Refresh] done in 23ms @ http://localhost:3000/_next/static/chunks/node_modules_next_dist_1e8vcs8._.js:776
[   84548ms] [LOG] [Fast Refresh] done in 23ms @ http://localhost:3000/_next/static/chunks/node_modules_next_dist_1e8vcs8._.js:776
[   84585ms] [LOG] [Fast Refresh] done in 23ms @ http://localhost:3000/_next/static/chunks/node_modules_next_dist_1e8vcs8._.js:776
[   84621ms] [LOG] [Fast Refresh] done in 23ms @ http://localhost:3000/_next/static/chunks/node_modules_next_dist_1e8vcs8._.js:776
[   84657ms] [LOG] [Fast Refresh] done in 23ms @ http://localhost:3000/_next/static/chunks/node_modules_next_dist_1e8vcs8._.js:776
[   84694ms] [LOG] [Fast Refresh] done in 23ms @ http://localhost:3000/_next/static/chunks/node_modules_next_dist_1e8vcs8._.js:776
[   84731ms] [LOG] [Fast Refresh] done in 23ms @ http://localhost:3000/_next/static/chunks/node_modules_next_dist_1e8vcs8._.js:776
[   84767ms] [LOG] [Fast Refresh] done in 23ms @ http://localhost:3000/_next/static/chunks/node_modules_next_dist_1e8vcs8._.js:776
[   84802ms] [LOG] [Fast Refresh] done in 23ms @ http://localhost:3000/_next/static/chunks/node_modules_next_dist_1e8vcs8._.js:776
[   84839ms] [LOG] [Fast Refresh] done in 23ms @ http://localhost:3000/_next/static/chunks/node_modules_next_dist_1e8vcs8._.js:776
[   84875ms] [LOG] [Fast Refresh] done in 23ms @ http://localhost:3000/_next/static/chunks/node_modules_next_dist_1e8vcs8._.js:776
[   84912ms] [LOG] [Fast Refresh] done in 23ms @ http://localhost:3000/_next/static/chunks/node_modules_next_dist_1e8vcs8._.js:776
[   84947ms] [LOG] [Fast Refresh] done in 23ms @ http://localhost:3000/_next/static/chunks/node_modules_next_dist_1e8vcs8._.js:776
[   84985ms] [LOG] [Fast Refresh] done in 23ms @ http://localhost:3000/_next/static/chunks/node_modules_next_dist_1e8vcs8._.js:776
[   85021ms] [LOG] [Fast Refresh] done in 23ms @ http://localhost:3000/_next/static/chunks/node_modules_next_dist_1e8vcs8._.js:776
[   85058ms] [LOG] [Fast Refresh] done in 23ms @ http://localhost:3000/_next/static/chunks/node_modules_next_dist_1e8vcs8._.js:776
[   85094ms] [LOG] [Fast Refresh] done in 23ms @ http://localhost:3000/_next/static/chunks/node_modules_next_dist_1e8vcs8._.js:776
[   85132ms] [LOG] [Fast Refresh] done in 23ms @ http://localhost:3000/_next/static/chunks/node_modules_next_dist_1e8vcs8._.js:776
[   85168ms] [LOG] [Fast Refresh] done in 23ms @ http://localhost:3000/_next/static/chunks/node_modules_next_dist_1e8vcs8._.js:776
[   85205ms] [LOG] [Fast Refresh] done in 23ms @ http://localhost:3000/_next/static/chunks/node_modules_next_dist_1e8vcs8._.js:776
[   85241ms] [LOG] [Fast Refresh] done in 23ms @ http://localhost:3000/_next/static/chunks/node_modules_next_dist_1e8vcs8._.js:776
[   85278ms] [LOG] [Fast Refresh] done in 23ms @ http://localhost:3000/_next/static/chunks/node_modules_next_dist_1e8vcs8._.js:776
[   85315ms] [LOG] [Fast Refresh] done in 23ms @ http://localhost:3000/_next/static/chunks/node_modules_next_dist_1e8vcs8._.js:776
[   85352ms] [LOG] [Fast Refresh] done in 23ms @ http://localhost:3000/_next/static/chunks/node_modules_next_dist_1e8vcs8._.js:776
[   85388ms] [LOG] [Fast Refresh] done in 23ms @ http://localhost:3000/_next/static/chunks/node_modules_next_dist_1e8vcs8._.js:776
[   85424ms] [LOG] [Fast Refresh] done in 23ms @ http://localhost:3000/_next/static/chunks/node_modules_next_dist_1e8vcs8._.js:776
[   85463ms] [LOG] [Fast Refresh] done in 23ms @ http://localhost:3000/_next/static/chunks/node_modules_next_dist_1e8vcs8._.js:776
[   85499ms] [LOG] [Fast Refresh] done in 23ms @ http://localhost:3000/_next/static/chunks/node_modules_next_dist_1e8vcs8._.js:776
[   85536ms] [LOG] [Fast Refresh] done in 23ms @ http://localhost:3000/_next/static/chunks/node_modules_next_dist_1e8vcs8._.js:776
[   85572ms] [LOG] [Fast Refresh] done in 23ms @ http://localhost:3000/_next/static/chunks/node_modules_next_dist_1e8vcs8._.js:776
[   85609ms] [LOG] [Fast Refresh] done in 23ms @ http://localhost:3000/_next/static/chunks/node_modules_next_dist_1e8vcs8._.js:776
[   85645ms] [LOG] [Fast Refresh] done in 23ms @ http://localhost:3000/_next/static/chunks/node_modules_next_dist_1e8vcs8._.js:776
[   85681ms] [LOG] [Fast Refresh] done in 23ms @ http://localhost:3000/_next/static/chunks/node_modules_next_dist_1e8vcs8._.js:776
[   85718ms] [LOG] [Fast Refresh] done in 23ms @ http://localhost:3000/_next/static/chunks/node_modules_next_dist_1e8vcs8._.js:776
[   85754ms] [LOG] [Fast Refresh] done in 23ms @ http://localhost:3000/_next/static/chunks/node_modules_next_dist_1e8vcs8._.js:776
[   85790ms] [LOG] [Fast Refresh] done in 23ms @ http://localhost:3000/_next/static/chunks/node_modules_next_dist_1e8vcs8._.js:776
[   85827ms] [LOG] [Fast Refresh] done in 23ms @ http://localhost:3000/_next/static/chunks/node_modules_next_dist_1e8vcs8._.js:776
[   85865ms] [LOG] [Fast Refresh] done in 23ms @ http://localhost:3000/_next/static/chunks/node_modules_next_dist_1e8vcs8._.js:776
[   85901ms] [LOG] [Fast Refresh] done in 23ms @ http://localhost:3000/_next/static/chunks/node_modules_next_dist_1e8vcs8._.js:776
[   85938ms] [LOG] [Fast Refresh] done in 23ms @ http://localhost:3000/_next/static/chunks/node_modules_next_dist_1e8vcs8._.js:776
[   85975ms] [LOG] [Fast Refresh] done in 23ms @ http://localhost:3000/_next/static/chunks/node_modules_next_dist_1e8vcs8._.js:776
[   86012ms] [LOG] [Fast Refresh] done in 23ms @ http://localhost:3000/_next/static/chunks/node_modules_next_dist_1e8vcs8._.js:776
[   86047ms] [LOG] [Fast Refresh] done in 23ms @ http://localhost:3000/_next/static/chunks/node_modules_next_dist_1e8vcs8._.js:776
[   86084ms] [LOG] [Fast Refresh] done in 23ms @ http://localhost:3000/_next/static/chunks/node_modules_next_dist_1e8vcs8._.js:776
[   86121ms] [LOG] [Fast Refresh] done in 23ms @ http://localhost:3000/_next/static/chunks/node_modules_next_dist_1e8vcs8._.js:776
[   86158ms] [LOG] [Fast Refresh] done in 23ms @ http://localhost:3000/_next/static/chunks/node_modules_next_dist_1e8vcs8._.js:776
[   86194ms] [LOG] [Fast Refresh] done in 23ms @ http://localhost:3000/_next/static/chunks/node_modules_next_dist_1e8vcs8._.js:776
[   86230ms] [LOG] [Fast Refresh] done in 23ms @ http://localhost:3000/_next/static/chunks/node_modules_next_dist_1e8vcs8._.js:776
[   86269ms] [LOG] [Fast Refresh] done in 23ms @ http://localhost:3000/_next/static/chunks/node_modules_next_dist_1e8vcs8._.js:776
[   86306ms] [LOG] [Fast Refresh] done in 23ms @ http://localhost:3000/_next/static/chunks/node_modules_next_dist_1e8vcs8._.js:776
[   86342ms] [LOG] [Fast Refresh] done in 23ms @ http://localhost:3000/_next/static/chunks/node_modules_next_dist_1e8vcs8._.js:776
[   86378ms] [LOG] [Fast Refresh] done in 23ms @ http://localhost:3000/_next/static/chunks/node_modules_next_dist_1e8vcs8._.js:776
[   86415ms] [LOG] [Fast Refresh] done in 23ms @ http://localhost:3000/_next/static/chunks/node_modules_next_dist_1e8vcs8._.js:776
[   86451ms] [LOG] [Fast Refresh] done in 23ms @ http://localhost:3000/_next/static/chunks/node_modules_next_dist_1e8vcs8._.js:776
[   86487ms] [LOG] [Fast Refresh] done in 23ms @ http://localhost:3000/_next/static/chunks/node_modules_next_dist_1e8vcs8._.js:776
[   86524ms] [LOG] [Fast Refresh] done in 23ms @ http://localhost:3000/_next/static/chunks/node_modules_next_dist_1e8vcs8._.js:776
[   86561ms] [LOG] [Fast Refresh] done in 23ms @ http://localhost:3000/_next/static/chunks/node_modules_next_dist_1e8vcs8._.js:776
[   86598ms] [LOG] [Fast Refresh] done in 23ms @ http://localhost:3000/_next/static/chunks/node_modules_next_dist_1e8vcs8._.js:776
[   86635ms] [LOG] [Fast Refresh] done in 23ms @ http://localhost:3000/_next/static/chunks/node_modules_next_dist_1e8vcs8._.js:776
[   86673ms] [LOG] [Fast Refresh] done in 23ms @ http://localhost:3000/_next/static/chunks/node_modules_next_dist_1e8vcs8._.js:776
[   86711ms] [LOG] [Fast Refresh] done in 23ms @ http://localhost:3000/_next/static/chunks/node_modules_next_dist_1e8vcs8._.js:776
[   86748ms] [LOG] [Fast Refresh] done in 23ms @ http://localhost:3000/_next/static/chunks/node_modules_next_dist_1e8vcs8._.js:776
[   86784ms] [LOG] [Fast Refresh] done in 23ms @ http://localhost:3000/_next/static/chunks/node_modules_next_dist_1e8vcs8._.js:776
[   86820ms] [LOG] [Fast Refresh] done in 23ms @ http://localhost:3000/_next/static/chunks/node_modules_next_dist_1e8vcs8._.js:776
[   86858ms] [LOG] [Fast Refresh] done in 23ms @ http://localhost:3000/_next/static/chunks/node_modules_next_dist_1e8vcs8._.js:776
[   86894ms] [LOG] [Fast Refresh] done in 23ms @ http://localhost:3000/_next/static/chunks/node_modules_next_dist_1e8vcs8._.js:776
[   86930ms] [LOG] [Fast Refresh] done in 23ms @ http://localhost:3000/_next/static/chunks/node_modules_next_dist_1e8vcs8._.js:776
[   86967ms] [LOG] [Fast Refresh] done in 23ms @ http://localhost:3000/_next/static/chunks/node_modules_next_dist_1e8vcs8._.js:776
[   87004ms] [LOG] [Fast Refresh] done in 23ms @ http://localhost:3000/_next/static/chunks/node_modules_next_dist_1e8vcs8._.js:776
[   87040ms] [LOG] [Fast Refresh] done in 23ms @ http://localhost:3000/_next/static/chunks/node_modules_next_dist_1e8vcs8._.js:776
[   87076ms] [LOG] [Fast Refresh] done in 23ms @ http://localhost:3000/_next/static/chunks/node_modules_next_dist_1e8vcs8._.js:776
[   87113ms] [LOG] [Fast Refresh] done in 23ms @ http://localhost:3000/_next/static/chunks/node_modules_next_dist_1e8vcs8._.js:776
[   87150ms] [LOG] [Fast Refresh] done in 23ms @ http://localhost:3000/_next/static/chunks/node_modules_next_dist_1e8vcs8._.js:776
[   87185ms] [LOG] [Fast Refresh] done in 23ms @ http://localhost:3000/_next/static/chunks/node_modules_next_dist_1e8vcs8._.js:776
[   87222ms] [LOG] [Fast Refresh] done in 23ms @ http://localhost:3000/_next/static/chunks/node_modules_next_dist_1e8vcs8._.js:776
[   87260ms] [LOG] [Fast Refresh] done in 23ms @ http://localhost:3000/_next/static/chunks/node_modules_next_dist_1e8vcs8._.js:776
[   87295ms] [LOG] [Fast Refresh] done in 23ms @ http://localhost:3000/_next/static/chunks/node_modules_next_dist_1e8vcs8._.js:776
[   87331ms] [LOG] [Fast Refresh] done in 23ms @ http://localhost:3000/_next/static/chunks/node_modules_next_dist_1e8vcs8._.js:776
[   87368ms] [LOG] [Fast Refresh] done in 23ms @ http://localhost:3000/_next/static/chunks/node_modules_next_dist_1e8vcs8._.js:776
[   87405ms] [LOG] [Fast Refresh] done in 23ms @ http://localhost:3000/_next/static/chunks/node_modules_next_dist_1e8vcs8._.js:776
[   87441ms] [LOG] [Fast Refresh] done in 23ms @ http://localhost:3000/_next/static/chunks/node_modules_next_dist_1e8vcs8._.js:776
[   87477ms] [LOG] [Fast Refresh] done in 23ms @ http://localhost:3000/_next/static/chunks/node_modules_next_dist_1e8vcs8._.js:776
[   87514ms] [LOG] [Fast Refresh] done in 23ms @ http://localhost:3000/_next/static/chunks/node_modules_next_dist_1e8vcs8._.js:776
[   87552ms] [LOG] [Fast Refresh] done in 23ms @ http://localhost:3000/_next/static/chunks/node_modules_next_dist_1e8vcs8._.js:776
[   87588ms] [LOG] [Fast Refresh] done in 23ms @ http://localhost:3000/_next/static/chunks/node_modules_next_dist_1e8vcs8._.js:776
[   87624ms] [LOG] [Fast Refresh] done in 23ms @ http://localhost:3000/_next/static/chunks/node_modules_next_dist_1e8vcs8._.js:776
[   87662ms] [LOG] [Fast Refresh] done in 23ms @ http://localhost:3000/_next/static/chunks/node_modules_next_dist_1e8vcs8._.js:776
[   87698ms] [LOG] [Fast Refresh] done in 23ms @ http://localhost:3000/_next/static/chunks/node_modules_next_dist_1e8vcs8._.js:776
[   87734ms] [LOG] [Fast Refresh] done in 23ms @ http://localhost:3000/_next/static/chunks/node_modules_next_dist_1e8vcs8._.js:776
[   87771ms] [LOG] [Fast Refresh] done in 23ms @ http://localhost:3000/_next/static/chunks/node_modules_next_dist_1e8vcs8._.js:776
[   87809ms] [LOG] [Fast Refresh] done in 23ms @ http://localhost:3000/_next/static/chunks/node_modules_next_dist_1e8vcs8._.js:776
[   87845ms] [LOG] [Fast Refresh] done in 23ms @ http://localhost:3000/_next/static/chunks/node_modules_next_dist_1e8vcs8._.js:776
[   87881ms] [LOG] [Fast Refresh] done in 23ms @ http://localhost:3000/_next/static/chunks/node_modules_next_dist_1e8vcs8._.js:776
[   87917ms] [LOG] [Fast Refresh] done in 23ms @ http://localhost:3000/_next/static/chunks/node_modules_next_dist_1e8vcs8._.js:776
[   87952ms] [LOG] [Fast Refresh] done in 23ms @ http://localhost:3000/_next/static/chunks/node_modules_next_dist_1e8vcs8._.js:776
[   87988ms] [LOG] [Fast Refresh] done in 23ms @ http://localhost:3000/_next/static/chunks/node_modules_next_dist_1e8vcs8._.js:776
[   88026ms] [LOG] [Fast Refresh] done in 23ms @ http://localhost:3000/_next/static/chunks/node_modules_next_dist_1e8vcs8._.js:776
[   88062ms] [LOG] [Fast Refresh] done in 23ms @ http://localhost:3000/_next/static/chunks/node_modules_next_dist_1e8vcs8._.js:776
[   88097ms] [LOG] [Fast Refresh] done in 23ms @ http://localhost:3000/_next/static/chunks/node_modules_next_dist_1e8vcs8._.js:776
[   88134ms] [LOG] [Fast Refresh] done in 23ms @ http://localhost:3000/_next/static/chunks/node_modules_next_dist_1e8vcs8._.js:776
[   88171ms] [LOG] [Fast Refresh] done in 23ms @ http://localhost:3000/_next/static/chunks/node_modules_next_dist_1e8vcs8._.js:776
[   88206ms] [LOG] [Fast Refresh] done in 23ms @ http://localhost:3000/_next/static/chunks/node_modules_next_dist_1e8vcs8._.js:776
[   88243ms] [LOG] [Fast Refresh] done in 23ms @ http://localhost:3000/_next/static/chunks/node_modules_next_dist_1e8vcs8._.js:776
[   88282ms] [LOG] [Fast Refresh] done in 23ms @ http://localhost:3000/_next/static/chunks/node_modules_next_dist_1e8vcs8._.js:776
[   88319ms] [LOG] [Fast Refresh] done in 23ms @ http://localhost:3000/_next/static/chunks/node_modules_next_dist_1e8vcs8._.js:776
[   88355ms] [LOG] [Fast Refresh] done in 23ms @ http://localhost:3000/_next/static/chunks/node_modules_next_dist_1e8vcs8._.js:776
[   88394ms] [LOG] [Fast Refresh] done in 23ms @ http://localhost:3000/_next/static/chunks/node_modules_next_dist_1e8vcs8._.js:776
[   88430ms] [LOG] [Fast Refresh] done in 23ms @ http://localhost:3000/_next/static/chunks/node_modules_next_dist_1e8vcs8._.js:776
[   88467ms] [LOG] [Fast Refresh] done in 23ms @ http://localhost:3000/_next/static/chunks/node_modules_next_dist_1e8vcs8._.js:776
[   88506ms] [LOG] [Fast Refresh] done in 23ms @ http://localhost:3000/_next/static/chunks/node_modules_next_dist_1e8vcs8._.js:776
[   88545ms] [LOG] [Fast Refresh] done in 23ms @ http://localhost:3000/_next/static/chunks/node_modules_next_dist_1e8vcs8._.js:776
[   88582ms] [LOG] [Fast Refresh] done in 23ms @ http://localhost:3000/_next/static/chunks/node_modules_next_dist_1e8vcs8._.js:776
[   88618ms] [LOG] [Fast Refresh] done in 23ms @ http://localhost:3000/_next/static/chunks/node_modules_next_dist_1e8vcs8._.js:776
[   88656ms] [LOG] [Fast Refresh] done in 23ms @ http://localhost:3000/_next/static/chunks/node_modules_next_dist_1e8vcs8._.js:776
[   88695ms] [LOG] [Fast Refresh] done in 23ms @ http://localhost:3000/_next/static/chunks/node_modules_next_dist_1e8vcs8._.js:776
[   88732ms] [LOG] [Fast Refresh] done in 23ms @ http://localhost:3000/_next/static/chunks/node_modules_next_dist_1e8vcs8._.js:776
[   88768ms] [LOG] [Fast Refresh] done in 23ms @ http://localhost:3000/_next/static/chunks/node_modules_next_dist_1e8vcs8._.js:776
[   88805ms] [LOG] [Fast Refresh] done in 23ms @ http://localhost:3000/_next/static/chunks/node_modules_next_dist_1e8vcs8._.js:776
[   88840ms] [LOG] [Fast Refresh] done in 23ms @ http://localhost:3000/_next/static/chunks/node_modules_next_dist_1e8vcs8._.js:776
[   88876ms] [LOG] [Fast Refresh] done in 23ms @ http://localhost:3000/_next/static/chunks/node_modules_next_dist_1e8vcs8._.js:776
[   88912ms] [LOG] [Fast Refresh] done in 23ms @ http://localhost:3000/_next/static/chunks/node_modules_next_dist_1e8vcs8._.js:776
[   88948ms] [LOG] [Fast Refresh] done in 23ms @ http://localhost:3000/_next/static/chunks/node_modules_next_dist_1e8vcs8._.js:776
[   88983ms] [LOG] [Fast Refresh] done in 23ms @ http://localhost:3000/_next/static/chunks/node_modules_next_dist_1e8vcs8._.js:776
[   89020ms] [LOG] [Fast Refresh] done in 23ms @ http://localhost:3000/_next/static/chunks/node_modules_next_dist_1e8vcs8._.js:776
[   89055ms] [LOG] [Fast Refresh] done in 23ms @ http://localhost:3000/_next/static/chunks/node_modules_next_dist_1e8vcs8._.js:776
[   89093ms] [LOG] [Fast Refresh] done in 23ms @ http://localhost:3000/_next/static/chunks/node_modules_next_dist_1e8vcs8._.js:776
[   89129ms] [LOG] [Fast Refresh] done in 23ms @ http://localhost:3000/_next/static/chunks/node_modules_next_dist_1e8vcs8._.js:776
[   89165ms] [LOG] [Fast Refresh] done in 23ms @ http://localhost:3000/_next/static/chunks/node_modules_next_dist_1e8vcs8._.js:776
[   89201ms] [LOG] [Fast Refresh] done in 23ms @ http://localhost:3000/_next/static/chunks/node_modules_next_dist_1e8vcs8._.js:776
[   89237ms] [LOG] [Fast Refresh] done in 23ms @ http://localhost:3000/_next/static/chunks/node_modules_next_dist_1e8vcs8._.js:776
[   89274ms] [LOG] [Fast Refresh] done in 23ms @ http://localhost:3000/_next/static/chunks/node_modules_next_dist_1e8vcs8._.js:776
[   89309ms] [LOG] [Fast Refresh] done in 23ms @ http://localhost:3000/_next/static/chunks/node_modules_next_dist_1e8vcs8._.js:776
[   89345ms] [LOG] [Fast Refresh] done in 23ms @ http://localhost:3000/_next/static/chunks/node_modules_next_dist_1e8vcs8._.js:776
[   89382ms] [LOG] [Fast Refresh] done in 23ms @ http://localhost:3000/_next/static/chunks/node_modules_next_dist_1e8vcs8._.js:776
[   89417ms] [LOG] [Fast Refresh] done in 23ms @ http://localhost:3000/_next/static/chunks/node_modules_next_dist_1e8vcs8._.js:776
[   89454ms] [LOG] [Fast Refresh] done in 23ms @ http://localhost:3000/_next/static/chunks/node_modules_next_dist_1e8vcs8._.js:776
[   89490ms] [LOG] [Fast Refresh] done in 23ms @ http://localhost:3000/_next/static/chunks/node_modules_next_dist_1e8vcs8._.js:776
[   89527ms] [LOG] [Fast Refresh] done in 23ms @ http://localhost:3000/_next/static/chunks/node_modules_next_dist_1e8vcs8._.js:776
[   89563ms] [LOG] [Fast Refresh] done in 23ms @ http://localhost:3000/_next/static/chunks/node_modules_next_dist_1e8vcs8._.js:776
[   89599ms] [LOG] [Fast Refresh] done in 23ms @ http://localhost:3000/_next/static/chunks/node_modules_next_dist_1e8vcs8._.js:776
[   89635ms] [LOG] [Fast Refresh] done in 23ms @ http://localhost:3000/_next/static/chunks/node_modules_next_dist_1e8vcs8._.js:776
[   89671ms] [LOG] [Fast Refresh] done in 23ms @ http://localhost:3000/_next/static/chunks/node_modules_next_dist_1e8vcs8._.js:776
[   89708ms] [LOG] [Fast Refresh] done in 23ms @ http://localhost:3000/_next/static/chunks/node_modules_next_dist_1e8vcs8._.js:776
[   89744ms] [LOG] [Fast Refresh] done in 23ms @ http://localhost:3000/_next/static/chunks/node_modules_next_dist_1e8vcs8._.js:776
[   89781ms] [LOG] [Fast Refresh] done in 23ms @ http://localhost:3000/_next/static/chunks/node_modules_next_dist_1e8vcs8._.js:776
[   89818ms] [LOG] [Fast Refresh] done in 23ms @ http://localhost:3000/_next/static/chunks/node_modules_next_dist_1e8vcs8._.js:776
[   89854ms] [LOG] [Fast Refresh] done in 23ms @ http://localhost:3000/_next/static/chunks/node_modules_next_dist_1e8vcs8._.js:776
[   89890ms] [LOG] [Fast Refresh] done in 23ms @ http://localhost:3000/_next/static/chunks/node_modules_next_dist_1e8vcs8._.js:776
[   89927ms] [LOG] [Fast Refresh] done in 23ms @ http://localhost:3000/_next/static/chunks/node_modules_next_dist_1e8vcs8._.js:776
[   89962ms] [LOG] [Fast Refresh] done in 23ms @ http://localhost:3000/_next/static/chunks/node_modules_next_dist_1e8vcs8._.js:776
[   89998ms] [LOG] [Fast Refresh] done in 23ms @ http://localhost:3000/_next/static/chunks/node_modules_next_dist_1e8vcs8._.js:776
[   90034ms] [LOG] [Fast Refresh] done in 23ms @ http://localhost:3000/_next/static/chunks/node_modules_next_dist_1e8vcs8._.js:776
[   90072ms] [LOG] [Fast Refresh] done in 23ms @ http://localhost:3000/_next/static/chunks/node_modules_next_dist_1e8vcs8._.js:776
[   90108ms] [LOG] [Fast Refresh] done in 23ms @ http://localhost:3000/_next/static/chunks/node_modules_next_dist_1e8vcs8._.js:776
[   90145ms] [LOG] [Fast Refresh] done in 23ms @ http://localhost:3000/_next/static/chunks/node_modules_next_dist_1e8vcs8._.js:776
[   90181ms] [LOG] [Fast Refresh] done in 23ms @ http://localhost:3000/_next/static/chunks/node_modules_next_dist_1e8vcs8._.js:776
[   90219ms] [LOG] [Fast Refresh] done in 23ms @ http://localhost:3000/_next/static/chunks/node_modules_next_dist_1e8vcs8._.js:776
[   90255ms] [LOG] [Fast Refresh] done in 23ms @ http://localhost:3000/_next/static/chunks/node_modules_next_dist_1e8vcs8._.js:776
[   90292ms] [LOG] [Fast Refresh] done in 23ms @ http://localhost:3000/_next/static/chunks/node_modules_next_dist_1e8vcs8._.js:776
[   90328ms] [LOG] [Fast Refresh] done in 23ms @ http://localhost:3000/_next/static/chunks/node_modules_next_dist_1e8vcs8._.js:776
[   90364ms] [LOG] [Fast Refresh] done in 23ms @ http://localhost:3000/_next/static/chunks/node_modules_next_dist_1e8vcs8._.js:776
[   90401ms] [LOG] [Fast Refresh] done in 23ms @ http://localhost:3000/_next/static/chunks/node_modules_next_dist_1e8vcs8._.js:776
[   90437ms] [LOG] [Fast Refresh] done in 23ms @ http://localhost:3000/_next/static/chunks/node_modules_next_dist_1e8vcs8._.js:776
[   90473ms] [LOG] [Fast Refresh] done in 23ms @ http://localhost:3000/_next/static/chunks/node_modules_next_dist_1e8vcs8._.js:776
[   90510ms] [LOG] [Fast Refresh] done in 23ms @ http://localhost:3000/_next/static/chunks/node_modules_next_dist_1e8vcs8._.js:776
[   90547ms] [LOG] [Fast Refresh] done in 23ms @ http://localhost:3000/_next/static/chunks/node_modules_next_dist_1e8vcs8._.js:776
[   90585ms] [LOG] [Fast Refresh] done in 23ms @ http://localhost:3000/_next/static/chunks/node_modules_next_dist_1e8vcs8._.js:776
[   90621ms] [LOG] [Fast Refresh] done in 23ms @ http://localhost:3000/_next/static/chunks/node_modules_next_dist_1e8vcs8._.js:776
[   90656ms] [LOG] [Fast Refresh] done in 23ms @ http://localhost:3000/_next/static/chunks/node_modules_next_dist_1e8vcs8._.js:776
[   90693ms] [LOG] [Fast Refresh] done in 23ms @ http://localhost:3000/_next/static/chunks/node_modules_next_dist_1e8vcs8._.js:776
[   90730ms] [LOG] [Fast Refresh] done in 23ms @ http://localhost:3000/_next/static/chunks/node_modules_next_dist_1e8vcs8._.js:776
[   90767ms] [LOG] [Fast Refresh] done in 23ms @ http://localhost:3000/_next/static/chunks/node_modules_next_dist_1e8vcs8._.js:776
[   90802ms] [LOG] [Fast Refresh] done in 23ms @ http://localhost:3000/_next/static/chunks/node_modules_next_dist_1e8vcs8._.js:776
[   90840ms] [LOG] [Fast Refresh] done in 23ms @ http://localhost:3000/_next/static/chunks/node_modules_next_dist_1e8vcs8._.js:776
[   90875ms] [LOG] [Fast Refresh] done in 23ms @ http://localhost:3000/_next/static/chunks/node_modules_next_dist_1e8vcs8._.js:776
[   90980ms] [LOG] [Fast Refresh] done in 23ms @ http://localhost:3000/_next/static/chunks/node_modules_next_dist_1e8vcs8._.js:776
[   91016ms] [LOG] [Fast Refresh] done in 23ms @ http://localhost:3000/_next/static/chunks/node_modules_next_dist_1e8vcs8._.js:776
[   91058ms] [LOG] [Fast Refresh] done in 23ms @ http://localhost:3000/_next/static/chunks/node_modules_next_dist_1e8vcs8._.js:776
[   91116ms] [LOG] [Fast Refresh] done in 23ms @ http://localhost:3000/_next/static/chunks/node_modules_next_dist_1e8vcs8._.js:776
[   91153ms] [LOG] [Fast Refresh] done in 23ms @ http://localhost:3000/_next/static/chunks/node_modules_next_dist_1e8vcs8._.js:776
[   91190ms] [LOG] [Fast Refresh] done in 23ms @ http://localhost:3000/_next/static/chunks/node_modules_next_dist_1e8vcs8._.js:776
[   91229ms] [LOG] [Fast Refresh] done in 23ms @ http://localhost:3000/_next/static/chunks/node_modules_next_dist_1e8vcs8._.js:776
[   91266ms] [LOG] [Fast Refresh] done in 23ms @ http://localhost:3000/_next/static/chunks/node_modules_next_dist_1e8vcs8._.js:776
[   91301ms] [LOG] [Fast Refresh] done in 23ms @ http://localhost:3000/_next/static/chunks/node_modules_next_dist_1e8vcs8._.js:776
[   91337ms] [LOG] [Fast Refresh] done in 23ms @ http://localhost:3000/_next/static/chunks/node_modules_next_dist_1e8vcs8._.js:776
[   91373ms] [LOG] [Fast Refresh] done in 23ms @ http://localhost:3000/_next/static/chunks/node_modules_next_dist_1e8vcs8._.js:776
[   91409ms] [LOG] [Fast Refresh] done in 23ms @ http://localhost:3000/_next/static/chunks/node_modules_next_dist_1e8vcs8._.js:776
[   91445ms] [LOG] [Fast Refresh] done in 23ms @ http://localhost:3000/_next/static/chunks/node_modules_next_dist_1e8vcs8._.js:776
[   91481ms] [LOG] [Fast Refresh] done in 23ms @ http://localhost:3000/_next/static/chunks/node_modules_next_dist_1e8vcs8._.js:776
[   91518ms] [LOG] [Fast Refresh] done in 23ms @ http://localhost:3000/_next/static/chunks/node_modules_next_dist_1e8vcs8._.js:776
[   91554ms] [LOG] [Fast Refresh] done in 23ms @ http://localhost:3000/_next/static/chunks/node_modules_next_dist_1e8vcs8._.js:776
[   91591ms] [LOG] [Fast Refresh] done in 23ms @ http://localhost:3000/_next/static/chunks/node_modules_next_dist_1e8vcs8._.js:776
[   91629ms] [LOG] [Fast Refresh] done in 23ms @ http://localhost:3000/_next/static/chunks/node_modules_next_dist_1e8vcs8._.js:776
[   91665ms] [LOG] [Fast Refresh] done in 23ms @ http://localhost:3000/_next/static/chunks/node_modules_next_dist_1e8vcs8._.js:776
[   91702ms] [LOG] [Fast Refresh] done in 23ms @ http://localhost:3000/_next/static/chunks/node_modules_next_dist_1e8vcs8._.js:776
[   91738ms] [LOG] [Fast Refresh] done in 23ms @ http://localhost:3000/_next/static/chunks/node_modules_next_dist_1e8vcs8._.js:776
[   91777ms] [LOG] [Fast Refresh] done in 23ms @ http://localhost:3000/_next/static/chunks/node_modules_next_dist_1e8vcs8._.js:776
[   91814ms] [LOG] [Fast Refresh] done in 23ms @ http://localhost:3000/_next/static/chunks/node_modules_next_dist_1e8vcs8._.js:776
[   91850ms] [LOG] [Fast Refresh] done in 23ms @ http://localhost:3000/_next/static/chunks/node_modules_next_dist_1e8vcs8._.js:776
[   91887ms] [LOG] [Fast Refresh] done in 23ms @ http://localhost:3000/_next/static/chunks/node_modules_next_dist_1e8vcs8._.js:776
[   91923ms] [LOG] [Fast Refresh] done in 23ms @ http://localhost:3000/_next/static/chunks/node_modules_next_dist_1e8vcs8._.js:776
[   91961ms] [LOG] [Fast Refresh] done in 23ms @ http://localhost:3000/_next/static/chunks/node_modules_next_dist_1e8vcs8._.js:776
[   91998ms] [LOG] [Fast Refresh] done in 23ms @ http://localhost:3000/_next/static/chunks/node_modules_next_dist_1e8vcs8._.js:776
[   92034ms] [LOG] [Fast Refresh] done in 23ms @ http://localhost:3000/_next/static/chunks/node_modules_next_dist_1e8vcs8._.js:776
[   92071ms] [LOG] [Fast Refresh] done in 23ms @ http://localhost:3000/_next/static/chunks/node_modules_next_dist_1e8vcs8._.js:776
[   92108ms] [LOG] [Fast Refresh] done in 23ms @ http://localhost:3000/_next/static/chunks/node_modules_next_dist_1e8vcs8._.js:776
[   92145ms] [LOG] [Fast Refresh] done in 23ms @ http://localhost:3000/_next/static/chunks/node_modules_next_dist_1e8vcs8._.js:776
[   92182ms] [LOG] [Fast Refresh] done in 23ms @ http://localhost:3000/_next/static/chunks/node_modules_next_dist_1e8vcs8._.js:776
[   92229ms] [LOG] [Fast Refresh] done in 23ms @ http://localhost:3000/_next/static/chunks/node_modules_next_dist_1e8vcs8._.js:776
[   92265ms] [LOG] [Fast Refresh] done in 23ms @ http://localhost:3000/_next/static/chunks/node_modules_next_dist_1e8vcs8._.js:776
[   92302ms] [LOG] [Fast Refresh] done in 23ms @ http://localhost:3000/_next/static/chunks/node_modules_next_dist_1e8vcs8._.js:776
[   92338ms] [LOG] [Fast Refresh] done in 23ms @ http://localhost:3000/_next/static/chunks/node_modules_next_dist_1e8vcs8._.js:776
[   92374ms] [LOG] [Fast Refresh] done in 23ms @ http://localhost:3000/_next/static/chunks/node_modules_next_dist_1e8vcs8._.js:776
[   92411ms] [LOG] [Fast Refresh] done in 23ms @ http://localhost:3000/_next/static/chunks/node_modules_next_dist_1e8vcs8._.js:776
[   92448ms] [LOG] [Fast Refresh] done in 23ms @ http://localhost:3000/_next/static/chunks/node_modules_next_dist_1e8vcs8._.js:776
[   92484ms] [LOG] [Fast Refresh] done in 23ms @ http://localhost:3000/_next/static/chunks/node_modules_next_dist_1e8vcs8._.js:776
[   92522ms] [LOG] [Fast Refresh] done in 23ms @ http://localhost:3000/_next/static/chunks/node_modules_next_dist_1e8vcs8._.js:776
[   92558ms] [LOG] [Fast Refresh] done in 23ms @ http://localhost:3000/_next/static/chunks/node_modules_next_dist_1e8vcs8._.js:776
[   92595ms] [LOG] [Fast Refresh] done in 23ms @ http://localhost:3000/_next/static/chunks/node_modules_next_dist_1e8vcs8._.js:776
[   92631ms] [LOG] [Fast Refresh] done in 23ms @ http://localhost:3000/_next/static/chunks/node_modules_next_dist_1e8vcs8._.js:776
[   92667ms] [LOG] [Fast Refresh] done in 23ms @ http://localhost:3000/_next/static/chunks/node_modules_next_dist_1e8vcs8._.js:776
[   92702ms] [LOG] [Fast Refresh] done in 23ms @ http://localhost:3000/_next/static/chunks/node_modules_next_dist_1e8vcs8._.js:776
[   92738ms] [LOG] [Fast Refresh] done in 23ms @ http://localhost:3000/_next/static/chunks/node_modules_next_dist_1e8vcs8._.js:776
[   92775ms] [LOG] [Fast Refresh] done in 23ms @ http://localhost:3000/_next/static/chunks/node_modules_next_dist_1e8vcs8._.js:776
[   92811ms] [LOG] [Fast Refresh] done in 23ms @ http://localhost:3000/_next/static/chunks/node_modules_next_dist_1e8vcs8._.js:776
[   92848ms] [LOG] [Fast Refresh] done in 23ms @ http://localhost:3000/_next/static/chunks/node_modules_next_dist_1e8vcs8._.js:776
[   92883ms] [LOG] [Fast Refresh] done in 23ms @ http://localhost:3000/_next/static/chunks/node_modules_next_dist_1e8vcs8._.js:776
[   92920ms] [LOG] [Fast Refresh] done in 23ms @ http://localhost:3000/_next/static/chunks/node_modules_next_dist_1e8vcs8._.js:776
[   92955ms] [LOG] [Fast Refresh] done in 23ms @ http://localhost:3000/_next/static/chunks/node_modules_next_dist_1e8vcs8._.js:776
[   92993ms] [LOG] [Fast Refresh] done in 23ms @ http://localhost:3000/_next/static/chunks/node_modules_next_dist_1e8vcs8._.js:776
[   93030ms] [LOG] [Fast Refresh] done in 23ms @ http://localhost:3000/_next/static/chunks/node_modules_next_dist_1e8vcs8._.js:776
[   93068ms] [LOG] [Fast Refresh] done in 23ms @ http://localhost:3000/_next/static/chunks/node_modules_next_dist_1e8vcs8._.js:776
[   93103ms] [LOG] [Fast Refresh] done in 23ms @ http://localhost:3000/_next/static/chunks/node_modules_next_dist_1e8vcs8._.js:776
[   93141ms] [LOG] [Fast Refresh] done in 23ms @ http://localhost:3000/_next/static/chunks/node_modules_next_dist_1e8vcs8._.js:776
[   93177ms] [LOG] [Fast Refresh] done in 23ms @ http://localhost:3000/_next/static/chunks/node_modules_next_dist_1e8vcs8._.js:776
[   93213ms] [LOG] [Fast Refresh] done in 23ms @ http://localhost:3000/_next/static/chunks/node_modules_next_dist_1e8vcs8._.js:776
[   93248ms] [LOG] [Fast Refresh] done in 23ms @ http://localhost:3000/_next/static/chunks/node_modules_next_dist_1e8vcs8._.js:776
[   93285ms] [LOG] [Fast Refresh] done in 23ms @ http://localhost:3000/_next/static/chunks/node_modules_next_dist_1e8vcs8._.js:776
[   93321ms] [LOG] [Fast Refresh] done in 23ms @ http://localhost:3000/_next/static/chunks/node_modules_next_dist_1e8vcs8._.js:776
[   93360ms] [LOG] [Fast Refresh] done in 23ms @ http://localhost:3000/_next/static/chunks/node_modules_next_dist_1e8vcs8._.js:776
[   93397ms] [LOG] [Fast Refresh] done in 23ms @ http://localhost:3000/_next/static/chunks/node_modules_next_dist_1e8vcs8._.js:776
[   93433ms] [LOG] [Fast Refresh] done in 23ms @ http://localhost:3000/_next/static/chunks/node_modules_next_dist_1e8vcs8._.js:776
[   93485ms] [LOG] [Fast Refresh] done in 23ms @ http://localhost:3000/_next/static/chunks/node_modules_next_dist_1e8vcs8._.js:776
[   93522ms] [LOG] [Fast Refresh] done in 23ms @ http://localhost:3000/_next/static/chunks/node_modules_next_dist_1e8vcs8._.js:776
[   93558ms] [LOG] [Fast Refresh] done in 23ms @ http://localhost:3000/_next/static/chunks/node_modules_next_dist_1e8vcs8._.js:776
[   93594ms] [LOG] [Fast Refresh] done in 23ms @ http://localhost:3000/_next/static/chunks/node_modules_next_dist_1e8vcs8._.js:776
[   93631ms] [LOG] [Fast Refresh] done in 23ms @ http://localhost:3000/_next/static/chunks/node_modules_next_dist_1e8vcs8._.js:776
[   93668ms] [LOG] [Fast Refresh] done in 23ms @ http://localhost:3000/_next/static/chunks/node_modules_next_dist_1e8vcs8._.js:776
[   93705ms] [LOG] [Fast Refresh] done in 23ms @ http://localhost:3000/_next/static/chunks/node_modules_next_dist_1e8vcs8._.js:776
[   93742ms] [LOG] [Fast Refresh] done in 23ms @ http://localhost:3000/_next/static/chunks/node_modules_next_dist_1e8vcs8._.js:776
[   93778ms] [LOG] [Fast Refresh] done in 23ms @ http://localhost:3000/_next/static/chunks/node_modules_next_dist_1e8vcs8._.js:776
[   93816ms] [LOG] [Fast Refresh] done in 23ms @ http://localhost:3000/_next/static/chunks/node_modules_next_dist_1e8vcs8._.js:776
[   93852ms] [LOG] [Fast Refresh] done in 23ms @ http://localhost:3000/_next/static/chunks/node_modules_next_dist_1e8vcs8._.js:776
[   93888ms] [LOG] [Fast Refresh] done in 23ms @ http://localhost:3000/_next/static/chunks/node_modules_next_dist_1e8vcs8._.js:776
[   93924ms] [LOG] [Fast Refresh] done in 23ms @ http://localhost:3000/_next/static/chunks/node_modules_next_dist_1e8vcs8._.js:776
[   93961ms] [LOG] [Fast Refresh] done in 23ms @ http://localhost:3000/_next/static/chunks/node_modules_next_dist_1e8vcs8._.js:776
[   93997ms] [LOG] [Fast Refresh] done in 23ms @ http://localhost:3000/_next/static/chunks/node_modules_next_dist_1e8vcs8._.js:776
[   94031ms] [LOG] [Fast Refresh] done in 23ms @ http://localhost:3000/_next/static/chunks/node_modules_next_dist_1e8vcs8._.js:776
[   94068ms] [LOG] [Fast Refresh] done in 23ms @ http://localhost:3000/_next/static/chunks/node_modules_next_dist_1e8vcs8._.js:776
[   94105ms] [LOG] [Fast Refresh] done in 23ms @ http://localhost:3000/_next/static/chunks/node_modules_next_dist_1e8vcs8._.js:776
[   94142ms] [LOG] [Fast Refresh] done in 23ms @ http://localhost:3000/_next/static/chunks/node_modules_next_dist_1e8vcs8._.js:776
[   94180ms] [LOG] [Fast Refresh] done in 23ms @ http://localhost:3000/_next/static/chunks/node_modules_next_dist_1e8vcs8._.js:776
[   94216ms] [LOG] [Fast Refresh] done in 23ms @ http://localhost:3000/_next/static/chunks/node_modules_next_dist_1e8vcs8._.js:776
[   94252ms] [LOG] [Fast Refresh] done in 23ms @ http://localhost:3000/_next/static/chunks/node_modules_next_dist_1e8vcs8._.js:776
[   94288ms] [LOG] [Fast Refresh] done in 23ms @ http://localhost:3000/_next/static/chunks/node_modules_next_dist_1e8vcs8._.js:776
[   94325ms] [LOG] [Fast Refresh] done in 23ms @ http://localhost:3000/_next/static/chunks/node_modules_next_dist_1e8vcs8._.js:776
[   94362ms] [LOG] [Fast Refresh] done in 23ms @ http://localhost:3000/_next/static/chunks/node_modules_next_dist_1e8vcs8._.js:776
[   94398ms] [LOG] [Fast Refresh] done in 23ms @ http://localhost:3000/_next/static/chunks/node_modules_next_dist_1e8vcs8._.js:776
[   94435ms] [LOG] [Fast Refresh] done in 23ms @ http://localhost:3000/_next/static/chunks/node_modules_next_dist_1e8vcs8._.js:776
[   94470ms] [LOG] [Fast Refresh] done in 23ms @ http://localhost:3000/_next/static/chunks/node_modules_next_dist_1e8vcs8._.js:776
[   94507ms] [LOG] [Fast Refresh] done in 23ms @ http://localhost:3000/_next/static/chunks/node_modules_next_dist_1e8vcs8._.js:776
[   94545ms] [LOG] [Fast Refresh] done in 23ms @ http://localhost:3000/_next/static/chunks/node_modules_next_dist_1e8vcs8._.js:776
[   94581ms] [LOG] [Fast Refresh] done in 23ms @ http://localhost:3000/_next/static/chunks/node_modules_next_dist_1e8vcs8._.js:776
[   94617ms] [LOG] [Fast Refresh] done in 23ms @ http://localhost:3000/_next/static/chunks/node_modules_next_dist_1e8vcs8._.js:776
[   94653ms] [LOG] [Fast Refresh] done in 23ms @ http://localhost:3000/_next/static/chunks/node_modules_next_dist_1e8vcs8._.js:776
[   94690ms] [LOG] [Fast Refresh] done in 23ms @ http://localhost:3000/_next/static/chunks/node_modules_next_dist_1e8vcs8._.js:776
[   94728ms] [LOG] [Fast Refresh] done in 23ms @ http://localhost:3000/_next/static/chunks/node_modules_next_dist_1e8vcs8._.js:776
[   94765ms] [LOG] [Fast Refresh] done in 23ms @ http://localhost:3000/_next/static/chunks/node_modules_next_dist_1e8vcs8._.js:776
[   94802ms] [LOG] [Fast Refresh] done in 23ms @ http://localhost:3000/_next/static/chunks/node_modules_next_dist_1e8vcs8._.js:776
[   94838ms] [LOG] [Fast Refresh] done in 23ms @ http://localhost:3000/_next/static/chunks/node_modules_next_dist_1e8vcs8._.js:776
[   94875ms] [LOG] [Fast Refresh] done in 23ms @ http://localhost:3000/_next/static/chunks/node_modules_next_dist_1e8vcs8._.js:776
[   94911ms] [LOG] [Fast Refresh] done in 23ms @ http://localhost:3000/_next/static/chunks/node_modules_next_dist_1e8vcs8._.js:776
[   94947ms] [LOG] [Fast Refresh] done in 23ms @ http://localhost:3000/_next/static/chunks/node_modules_next_dist_1e8vcs8._.js:776
[   94984ms] [LOG] [Fast Refresh] done in 23ms @ http://localhost:3000/_next/static/chunks/node_modules_next_dist_1e8vcs8._.js:776
[   95021ms] [LOG] [Fast Refresh] done in 23ms @ http://localhost:3000/_next/static/chunks/node_modules_next_dist_1e8vcs8._.js:776
[   95055ms] [LOG] [Fast Refresh] done in 23ms @ http://localhost:3000/_next/static/chunks/node_modules_next_dist_1e8vcs8._.js:776
[   95092ms] [LOG] [Fast Refresh] done in 23ms @ http://localhost:3000/_next/static/chunks/node_modules_next_dist_1e8vcs8._.js:776
[   95128ms] [LOG] [Fast Refresh] done in 23ms @ http://localhost:3000/_next/static/chunks/node_modules_next_dist_1e8vcs8._.js:776
[   95166ms] [LOG] [Fast Refresh] done in 23ms @ http://localhost:3000/_next/static/chunks/node_modules_next_dist_1e8vcs8._.js:776
[   95202ms] [LOG] [Fast Refresh] done in 23ms @ http://localhost:3000/_next/static/chunks/node_modules_next_dist_1e8vcs8._.js:776
[   95237ms] [LOG] [Fast Refresh] done in 23ms @ http://localhost:3000/_next/static/chunks/node_modules_next_dist_1e8vcs8._.js:776
[   95274ms] [LOG] [Fast Refresh] done in 23ms @ http://localhost:3000/_next/static/chunks/node_modules_next_dist_1e8vcs8._.js:776
[   95309ms] [LOG] [Fast Refresh] done in 23ms @ http://localhost:3000/_next/static/chunks/node_modules_next_dist_1e8vcs8._.js:776
[   95345ms] [LOG] [Fast Refresh] done in 23ms @ http://localhost:3000/_next/static/chunks/node_modules_next_dist_1e8vcs8._.js:776
[   95382ms] [LOG] [Fast Refresh] done in 23ms @ http://localhost:3000/_next/static/chunks/node_modules_next_dist_1e8vcs8._.js:776
[   95419ms] [LOG] [Fast Refresh] done in 23ms @ http://localhost:3000/_next/static/chunks/node_modules_next_dist_1e8vcs8._.js:776
[   95455ms] [LOG] [Fast Refresh] done in 23ms @ http://localhost:3000/_next/static/chunks/node_modules_next_dist_1e8vcs8._.js:776
[   95493ms] [LOG] [Fast Refresh] done in 23ms @ http://localhost:3000/_next/static/chunks/node_modules_next_dist_1e8vcs8._.js:776
[   95529ms] [LOG] [Fast Refresh] done in 23ms @ http://localhost:3000/_next/static/chunks/node_modules_next_dist_1e8vcs8._.js:776
[   95564ms] [LOG] [Fast Refresh] done in 23ms @ http://localhost:3000/_next/static/chunks/node_modules_next_dist_1e8vcs8._.js:776
[   95600ms] [LOG] [Fast Refresh] done in 23ms @ http://localhost:3000/_next/static/chunks/node_modules_next_dist_1e8vcs8._.js:776
[   95637ms] [LOG] [Fast Refresh] done in 23ms @ http://localhost:3000/_next/static/chunks/node_modules_next_dist_1e8vcs8._.js:776
[   95674ms] [LOG] [Fast Refresh] done in 23ms @ http://localhost:3000/_next/static/chunks/node_modules_next_dist_1e8vcs8._.js:776
[   95712ms] [LOG] [Fast Refresh] done in 23ms @ http://localhost:3000/_next/static/chunks/node_modules_next_dist_1e8vcs8._.js:776
[   95747ms] [LOG] [Fast Refresh] done in 23ms @ http://localhost:3000/_next/static/chunks/node_modules_next_dist_1e8vcs8._.js:776
[   95784ms] [LOG] [Fast Refresh] done in 23ms @ http://localhost:3000/_next/static/chunks/node_modules_next_dist_1e8vcs8._.js:776
[   95821ms] [LOG] [Fast Refresh] done in 23ms @ http://localhost:3000/_next/static/chunks/node_modules_next_dist_1e8vcs8._.js:776
[   95860ms] [LOG] [Fast Refresh] done in 23ms @ http://localhost:3000/_next/static/chunks/node_modules_next_dist_1e8vcs8._.js:776
[   95897ms] [LOG] [Fast Refresh] done in 23ms @ http://localhost:3000/_next/static/chunks/node_modules_next_dist_1e8vcs8._.js:776
[   95934ms] [LOG] [Fast Refresh] done in 23ms @ http://localhost:3000/_next/static/chunks/node_modules_next_dist_1e8vcs8._.js:776
[   95970ms] [LOG] [Fast Refresh] done in 23ms @ http://localhost:3000/_next/static/chunks/node_modules_next_dist_1e8vcs8._.js:776
[   96005ms] [LOG] [Fast Refresh] done in 23ms @ http://localhost:3000/_next/static/chunks/node_modules_next_dist_1e8vcs8._.js:776
[   96040ms] [LOG] [Fast Refresh] done in 23ms @ http://localhost:3000/_next/static/chunks/node_modules_next_dist_1e8vcs8._.js:776
[   96078ms] [LOG] [Fast Refresh] done in 23ms @ http://localhost:3000/_next/static/chunks/node_modules_next_dist_1e8vcs8._.js:776
[   96114ms] [LOG] [Fast Refresh] done in 23ms @ http://localhost:3000/_next/static/chunks/node_modules_next_dist_1e8vcs8._.js:776
[   96151ms] [LOG] [Fast Refresh] done in 23ms @ http://localhost:3000/_next/static/chunks/node_modules_next_dist_1e8vcs8._.js:776
[   96188ms] [LOG] [Fast Refresh] done in 23ms @ http://localhost:3000/_next/static/chunks/node_modules_next_dist_1e8vcs8._.js:776
[   96224ms] [LOG] [Fast Refresh] done in 23ms @ http://localhost:3000/_next/static/chunks/node_modules_next_dist_1e8vcs8._.js:776
[   96260ms] [LOG] [Fast Refresh] done in 23ms @ http://localhost:3000/_next/static/chunks/node_modules_next_dist_1e8vcs8._.js:776
[   96299ms] [LOG] [Fast Refresh] done in 23ms @ http://localhost:3000/_next/static/chunks/node_modules_next_dist_1e8vcs8._.js:776
[   96335ms] [LOG] [Fast Refresh] done in 23ms @ http://localhost:3000/_next/static/chunks/node_modules_next_dist_1e8vcs8._.js:776
[   96373ms] [LOG] [Fast Refresh] done in 23ms @ http://localhost:3000/_next/static/chunks/node_modules_next_dist_1e8vcs8._.js:776
[   96409ms] [LOG] [Fast Refresh] done in 23ms @ http://localhost:3000/_next/static/chunks/node_modules_next_dist_1e8vcs8._.js:776
[   96447ms] [LOG] [Fast Refresh] done in 23ms @ http://localhost:3000/_next/static/chunks/node_modules_next_dist_1e8vcs8._.js:776
[   96485ms] [LOG] [Fast Refresh] done in 23ms @ http://localhost:3000/_next/static/chunks/node_modules_next_dist_1e8vcs8._.js:776
[   96522ms] [LOG] [Fast Refresh] done in 23ms @ http://localhost:3000/_next/static/chunks/node_modules_next_dist_1e8vcs8._.js:776
[   96558ms] [LOG] [Fast Refresh] done in 23ms @ http://localhost:3000/_next/static/chunks/node_modules_next_dist_1e8vcs8._.js:776
[   96594ms] [LOG] [Fast Refresh] done in 23ms @ http://localhost:3000/_next/static/chunks/node_modules_next_dist_1e8vcs8._.js:776
[   96630ms] [LOG] [Fast Refresh] done in 23ms @ http://localhost:3000/_next/static/chunks/node_modules_next_dist_1e8vcs8._.js:776
[   96668ms] [LOG] [Fast Refresh] done in 23ms @ http://localhost:3000/_next/static/chunks/node_modules_next_dist_1e8vcs8._.js:776
[   96704ms] [LOG] [Fast Refresh] done in 23ms @ http://localhost:3000/_next/static/chunks/node_modules_next_dist_1e8vcs8._.js:776
[   96742ms] [LOG] [Fast Refresh] done in 23ms @ http://localhost:3000/_next/static/chunks/node_modules_next_dist_1e8vcs8._.js:776
[   96778ms] [LOG] [Fast Refresh] done in 23ms @ http://localhost:3000/_next/static/chunks/node_modules_next_dist_1e8vcs8._.js:776
[   96815ms] [LOG] [Fast Refresh] done in 23ms @ http://localhost:3000/_next/static/chunks/node_modules_next_dist_1e8vcs8._.js:776
[   96850ms] [LOG] [Fast Refresh] done in 23ms @ http://localhost:3000/_next/static/chunks/node_modules_next_dist_1e8vcs8._.js:776
[   96889ms] [LOG] [Fast Refresh] done in 23ms @ http://localhost:3000/_next/static/chunks/node_modules_next_dist_1e8vcs8._.js:776
[   96925ms] [LOG] [Fast Refresh] done in 23ms @ http://localhost:3000/_next/static/chunks/node_modules_next_dist_1e8vcs8._.js:776
[   96962ms] [LOG] [Fast Refresh] done in 23ms @ http://localhost:3000/_next/static/chunks/node_modules_next_dist_1e8vcs8._.js:776
[   96998ms] [LOG] [Fast Refresh] done in 23ms @ http://localhost:3000/_next/static/chunks/node_modules_next_dist_1e8vcs8._.js:776
[   97035ms] [LOG] [Fast Refresh] done in 23ms @ http://localhost:3000/_next/static/chunks/node_modules_next_dist_1e8vcs8._.js:776
[   97073ms] [LOG] [Fast Refresh] done in 23ms @ http://localhost:3000/_next/static/chunks/node_modules_next_dist_1e8vcs8._.js:776
[   97109ms] [LOG] [Fast Refresh] done in 23ms @ http://localhost:3000/_next/static/chunks/node_modules_next_dist_1e8vcs8._.js:776
[   97146ms] [LOG] [Fast Refresh] done in 23ms @ http://localhost:3000/_next/static/chunks/node_modules_next_dist_1e8vcs8._.js:776
[   97182ms] [LOG] [Fast Refresh] done in 23ms @ http://localhost:3000/_next/static/chunks/node_modules_next_dist_1e8vcs8._.js:776
[   97219ms] [LOG] [Fast Refresh] done in 23ms @ http://localhost:3000/_next/static/chunks/node_modules_next_dist_1e8vcs8._.js:776
[   97256ms] [LOG] [Fast Refresh] done in 23ms @ http://localhost:3000/_next/static/chunks/node_modules_next_dist_1e8vcs8._.js:776
[   97295ms] [LOG] [Fast Refresh] done in 23ms @ http://localhost:3000/_next/static/chunks/node_modules_next_dist_1e8vcs8._.js:776
[   97331ms] [LOG] [Fast Refresh] done in 23ms @ http://localhost:3000/_next/static/chunks/node_modules_next_dist_1e8vcs8._.js:776
[   97367ms] [LOG] [Fast Refresh] done in 23ms @ http://localhost:3000/_next/static/chunks/node_modules_next_dist_1e8vcs8._.js:776
[   97404ms] [LOG] [Fast Refresh] done in 23ms @ http://localhost:3000/_next/static/chunks/node_modules_next_dist_1e8vcs8._.js:776
[   97441ms] [LOG] [Fast Refresh] done in 23ms @ http://localhost:3000/_next/static/chunks/node_modules_next_dist_1e8vcs8._.js:776
[   97478ms] [LOG] [Fast Refresh] done in 23ms @ http://localhost:3000/_next/static/chunks/node_modules_next_dist_1e8vcs8._.js:776
[   97516ms] [LOG] [Fast Refresh] done in 23ms @ http://localhost:3000/_next/static/chunks/node_modules_next_dist_1e8vcs8._.js:776
[   97551ms] [LOG] [Fast Refresh] done in 23ms @ http://localhost:3000/_next/static/chunks/node_modules_next_dist_1e8vcs8._.js:776
[   97587ms] [LOG] [Fast Refresh] done in 23ms @ http://localhost:3000/_next/static/chunks/node_modules_next_dist_1e8vcs8._.js:776
[   97624ms] [LOG] [Fast Refresh] done in 23ms @ http://localhost:3000/_next/static/chunks/node_modules_next_dist_1e8vcs8._.js:776
[   97660ms] [LOG] [Fast Refresh] done in 23ms @ http://localhost:3000/_next/static/chunks/node_modules_next_dist_1e8vcs8._.js:776
[   97698ms] [LOG] [Fast Refresh] done in 23ms @ http://localhost:3000/_next/static/chunks/node_modules_next_dist_1e8vcs8._.js:776
[   97734ms] [LOG] [Fast Refresh] done in 23ms @ http://localhost:3000/_next/static/chunks/node_modules_next_dist_1e8vcs8._.js:776
[   97770ms] [LOG] [Fast Refresh] done in 23ms @ http://localhost:3000/_next/static/chunks/node_modules_next_dist_1e8vcs8._.js:776
[   97808ms] [LOG] [Fast Refresh] done in 23ms @ http://localhost:3000/_next/static/chunks/node_modules_next_dist_1e8vcs8._.js:776
[   97845ms] [LOG] [Fast Refresh] done in 23ms @ http://localhost:3000/_next/static/chunks/node_modules_next_dist_1e8vcs8._.js:776
[   97882ms] [LOG] [Fast Refresh] done in 23ms @ http://localhost:3000/_next/static/chunks/node_modules_next_dist_1e8vcs8._.js:776
[   97917ms] [LOG] [Fast Refresh] done in 23ms @ http://localhost:3000/_next/static/chunks/node_modules_next_dist_1e8vcs8._.js:776
[   97953ms] [LOG] [Fast Refresh] done in 23ms @ http://localhost:3000/_next/static/chunks/node_modules_next_dist_1e8vcs8._.js:776
[   97989ms] [LOG] [Fast Refresh] done in 23ms @ http://localhost:3000/_next/static/chunks/node_modules_next_dist_1e8vcs8._.js:776
[   98025ms] [LOG] [Fast Refresh] done in 23ms @ http://localhost:3000/_next/static/chunks/node_modules_next_dist_1e8vcs8._.js:776
[   98062ms] [LOG] [Fast Refresh] done in 23ms @ http://localhost:3000/_next/static/chunks/node_modules_next_dist_1e8vcs8._.js:776
[   98098ms] [LOG] [Fast Refresh] done in 23ms @ http://localhost:3000/_next/static/chunks/node_modules_next_dist_1e8vcs8._.js:776
[   98135ms] [LOG] [Fast Refresh] done in 23ms @ http://localhost:3000/_next/static/chunks/node_modules_next_dist_1e8vcs8._.js:776
[   98172ms] [LOG] [Fast Refresh] done in 23ms @ http://localhost:3000/_next/static/chunks/node_modules_next_dist_1e8vcs8._.js:776
[   98209ms] [LOG] [Fast Refresh] done in 23ms @ http://localhost:3000/_next/static/chunks/node_modules_next_dist_1e8vcs8._.js:776
[   98246ms] [LOG] [Fast Refresh] done in 23ms @ http://localhost:3000/_next/static/chunks/node_modules_next_dist_1e8vcs8._.js:776
[   98282ms] [LOG] [Fast Refresh] done in 23ms @ http://localhost:3000/_next/static/chunks/node_modules_next_dist_1e8vcs8._.js:776
[   98319ms] [LOG] [Fast Refresh] done in 23ms @ http://localhost:3000/_next/static/chunks/node_modules_next_dist_1e8vcs8._.js:776
[   98355ms] [LOG] [Fast Refresh] done in 23ms @ http://localhost:3000/_next/static/chunks/node_modules_next_dist_1e8vcs8._.js:776
[   98392ms] [LOG] [Fast Refresh] done in 23ms @ http://localhost:3000/_next/static/chunks/node_modules_next_dist_1e8vcs8._.js:776
[   98428ms] [LOG] [Fast Refresh] done in 23ms @ http://localhost:3000/_next/static/chunks/node_modules_next_dist_1e8vcs8._.js:776
[   98465ms] [LOG] [Fast Refresh] done in 23ms @ http://localhost:3000/_next/static/chunks/node_modules_next_dist_1e8vcs8._.js:776
[   98500ms] [LOG] [Fast Refresh] done in 23ms @ http://localhost:3000/_next/static/chunks/node_modules_next_dist_1e8vcs8._.js:776
[   98539ms] [LOG] [Fast Refresh] done in 23ms @ http://localhost:3000/_next/static/chunks/node_modules_next_dist_1e8vcs8._.js:776
[   98574ms] [LOG] [Fast Refresh] done in 23ms @ http://localhost:3000/_next/static/chunks/node_modules_next_dist_1e8vcs8._.js:776
[   98613ms] [LOG] [Fast Refresh] done in 23ms @ http://localhost:3000/_next/static/chunks/node_modules_next_dist_1e8vcs8._.js:776
[   98650ms] [LOG] [Fast Refresh] done in 23ms @ http://localhost:3000/_next/static/chunks/node_modules_next_dist_1e8vcs8._.js:776
[   98686ms] [LOG] [Fast Refresh] done in 23ms @ http://localhost:3000/_next/static/chunks/node_modules_next_dist_1e8vcs8._.js:776
[   98722ms] [LOG] [Fast Refresh] done in 23ms @ http://localhost:3000/_next/static/chunks/node_modules_next_dist_1e8vcs8._.js:776
[   98760ms] [LOG] [Fast Refresh] done in 23ms @ http://localhost:3000/_next/static/chunks/node_modules_next_dist_1e8vcs8._.js:776
[   98797ms] [LOG] [Fast Refresh] done in 23ms @ http://localhost:3000/_next/static/chunks/node_modules_next_dist_1e8vcs8._.js:776
[   98834ms] [LOG] [Fast Refresh] done in 23ms @ http://localhost:3000/_next/static/chunks/node_modules_next_dist_1e8vcs8._.js:776
[   98871ms] [LOG] [Fast Refresh] done in 23ms @ http://localhost:3000/_next/static/chunks/node_modules_next_dist_1e8vcs8._.js:776
[   98909ms] [LOG] [Fast Refresh] done in 23ms @ http://localhost:3000/_next/static/chunks/node_modules_next_dist_1e8vcs8._.js:776
[   98945ms] [LOG] [Fast Refresh] done in 23ms @ http://localhost:3000/_next/static/chunks/node_modules_next_dist_1e8vcs8._.js:776
[   98983ms] [LOG] [Fast Refresh] done in 23ms @ http://localhost:3000/_next/static/chunks/node_modules_next_dist_1e8vcs8._.js:776
[   99022ms] [LOG] [Fast Refresh] done in 23ms @ http://localhost:3000/_next/static/chunks/node_modules_next_dist_1e8vcs8._.js:776
[   99059ms] [LOG] [Fast Refresh] done in 23ms @ http://localhost:3000/_next/static/chunks/node_modules_next_dist_1e8vcs8._.js:776
[   99097ms] [LOG] [Fast Refresh] done in 23ms @ http://localhost:3000/_next/static/chunks/node_modules_next_dist_1e8vcs8._.js:776
[   99135ms] [LOG] [Fast Refresh] done in 23ms @ http://localhost:3000/_next/static/chunks/node_modules_next_dist_1e8vcs8._.js:776
[   99173ms] [LOG] [Fast Refresh] done in 23ms @ http://localhost:3000/_next/static/chunks/node_modules_next_dist_1e8vcs8._.js:776
[   99208ms] [LOG] [Fast Refresh] done in 23ms @ http://localhost:3000/_next/static/chunks/node_modules_next_dist_1e8vcs8._.js:776
[   99245ms] [LOG] [Fast Refresh] done in 23ms @ http://localhost:3000/_next/static/chunks/node_modules_next_dist_1e8vcs8._.js:776
[   99282ms] [LOG] [Fast Refresh] done in 23ms @ http://localhost:3000/_next/static/chunks/node_modules_next_dist_1e8vcs8._.js:776
[   99320ms] [LOG] [Fast Refresh] done in 23ms @ http://localhost:3000/_next/static/chunks/node_modules_next_dist_1e8vcs8._.js:776
[   99356ms] [LOG] [Fast Refresh] done in 23ms @ http://localhost:3000/_next/static/chunks/node_modules_next_dist_1e8vcs8._.js:776
[   99394ms] [LOG] [Fast Refresh] done in 23ms @ http://localhost:3000/_next/static/chunks/node_modules_next_dist_1e8vcs8._.js:776
[   99430ms] [LOG] [Fast Refresh] done in 23ms @ http://localhost:3000/_next/static/chunks/node_modules_next_dist_1e8vcs8._.js:776
[   99465ms] [LOG] [Fast Refresh] done in 23ms @ http://localhost:3000/_next/static/chunks/node_modules_next_dist_1e8vcs8._.js:776
[   99502ms] [LOG] [Fast Refresh] done in 23ms @ http://localhost:3000/_next/static/chunks/node_modules_next_dist_1e8vcs8._.js:776
[   99540ms] [LOG] [Fast Refresh] done in 23ms @ http://localhost:3000/_next/static/chunks/node_modules_next_dist_1e8vcs8._.js:776
[   99576ms] [LOG] [Fast Refresh] done in 23ms @ http://localhost:3000/_next/static/chunks/node_modules_next_dist_1e8vcs8._.js:776
[   99613ms] [LOG] [Fast Refresh] done in 23ms @ http://localhost:3000/_next/static/chunks/node_modules_next_dist_1e8vcs8._.js:776
[   99649ms] [LOG] [Fast Refresh] done in 23ms @ http://localhost:3000/_next/static/chunks/node_modules_next_dist_1e8vcs8._.js:776
[   99686ms] [LOG] [Fast Refresh] done in 23ms @ http://localhost:3000/_next/static/chunks/node_modules_next_dist_1e8vcs8._.js:776
[   99723ms] [LOG] [Fast Refresh] done in 23ms @ http://localhost:3000/_next/static/chunks/node_modules_next_dist_1e8vcs8._.js:776
[   99760ms] [LOG] [Fast Refresh] done in 23ms @ http://localhost:3000/_next/static/chunks/node_modules_next_dist_1e8vcs8._.js:776
[   99797ms] [LOG] [Fast Refresh] done in 23ms @ http://localhost:3000/_next/static/chunks/node_modules_next_dist_1e8vcs8._.js:776
[   99833ms] [LOG] [Fast Refresh] done in 23ms @ http://localhost:3000/_next/static/chunks/node_modules_next_dist_1e8vcs8._.js:776
[   99869ms] [LOG] [Fast Refresh] done in 23ms @ http://localhost:3000/_next/static/chunks/node_modules_next_dist_1e8vcs8._.js:776
[   99906ms] [LOG] [Fast Refresh] done in 23ms @ http://localhost:3000/_next/static/chunks/node_modules_next_dist_1e8vcs8._.js:776
[   99943ms] [LOG] [Fast Refresh] done in 23ms @ http://localhost:3000/_next/static/chunks/node_modules_next_dist_1e8vcs8._.js:776
[   99980ms] [LOG] [Fast Refresh] done in 23ms @ http://localhost:3000/_next/static/chunks/node_modules_next_dist_1e8vcs8._.js:776
[  100016ms] [LOG] [Fast Refresh] done in 23ms @ http://localhost:3000/_next/static/chunks/node_modules_next_dist_1e8vcs8._.js:776
[  100053ms] [LOG] [Fast Refresh] done in 23ms @ http://localhost:3000/_next/static/chunks/node_modules_next_dist_1e8vcs8._.js:776
[  100089ms] [LOG] [Fast Refresh] done in 23ms @ http://localhost:3000/_next/static/chunks/node_modules_next_dist_1e8vcs8._.js:776
[  100126ms] [LOG] [Fast Refresh] done in 23ms @ http://localhost:3000/_next/static/chunks/node_modules_next_dist_1e8vcs8._.js:776
[  100163ms] [LOG] [Fast Refresh] done in 23ms @ http://localhost:3000/_next/static/chunks/node_modules_next_dist_1e8vcs8._.js:776
[  100199ms] [LOG] [Fast Refresh] done in 23ms @ http://localhost:3000/_next/static/chunks/node_modules_next_dist_1e8vcs8._.js:776
[  100235ms] [LOG] [Fast Refresh] done in 23ms @ http://localhost:3000/_next/static/chunks/node_modules_next_dist_1e8vcs8._.js:776
[  100275ms] [LOG] [Fast Refresh] done in 23ms @ http://localhost:3000/_next/static/chunks/node_modules_next_dist_1e8vcs8._.js:776
[  100310ms] [LOG] [Fast Refresh] done in 23ms @ http://localhost:3000/_next/static/chunks/node_modules_next_dist_1e8vcs8._.js:776
[  100347ms] [LOG] [Fast Refresh] done in 23ms @ http://localhost:3000/_next/static/chunks/node_modules_next_dist_1e8vcs8._.js:776
[  100383ms] [LOG] [Fast Refresh] done in 23ms @ http://localhost:3000/_next/static/chunks/node_modules_next_dist_1e8vcs8._.js:776
[  100420ms] [LOG] [Fast Refresh] done in 23ms @ http://localhost:3000/_next/static/chunks/node_modules_next_dist_1e8vcs8._.js:776
[  100458ms] [LOG] [Fast Refresh] done in 23ms @ http://localhost:3000/_next/static/chunks/node_modules_next_dist_1e8vcs8._.js:776
[  100496ms] [LOG] [Fast Refresh] done in 23ms @ http://localhost:3000/_next/static/chunks/node_modules_next_dist_1e8vcs8._.js:776
[  100533ms] [LOG] [Fast Refresh] done in 23ms @ http://localhost:3000/_next/static/chunks/node_modules_next_dist_1e8vcs8._.js:776
[  100569ms] [LOG] [Fast Refresh] done in 23ms @ http://localhost:3000/_next/static/chunks/node_modules_next_dist_1e8vcs8._.js:776
[  100605ms] [LOG] [Fast Refresh] done in 23ms @ http://localhost:3000/_next/static/chunks/node_modules_next_dist_1e8vcs8._.js:776
[  100644ms] [LOG] [Fast Refresh] done in 23ms @ http://localhost:3000/_next/static/chunks/node_modules_next_dist_1e8vcs8._.js:776
[  100682ms] [LOG] [Fast Refresh] done in 23ms @ http://localhost:3000/_next/static/chunks/node_modules_next_dist_1e8vcs8._.js:776
[  100720ms] [LOG] [Fast Refresh] done in 23ms @ http://localhost:3000/_next/static/chunks/node_modules_next_dist_1e8vcs8._.js:776
[  100758ms] [LOG] [Fast Refresh] done in 23ms @ http://localhost:3000/_next/static/chunks/node_modules_next_dist_1e8vcs8._.js:776
[  100795ms] [LOG] [Fast Refresh] done in 23ms @ http://localhost:3000/_next/static/chunks/node_modules_next_dist_1e8vcs8._.js:776
[  100831ms] [LOG] [Fast Refresh] done in 23ms @ http://localhost:3000/_next/static/chunks/node_modules_next_dist_1e8vcs8._.js:776
[  100868ms] [LOG] [Fast Refresh] done in 23ms @ http://localhost:3000/_next/static/chunks/node_modules_next_dist_1e8vcs8._.js:776
[  100906ms] [LOG] [Fast Refresh] done in 23ms @ http://localhost:3000/_next/static/chunks/node_modules_next_dist_1e8vcs8._.js:776
[  100943ms] [LOG] [Fast Refresh] done in 23ms @ http://localhost:3000/_next/static/chunks/node_modules_next_dist_1e8vcs8._.js:776
[  100981ms] [LOG] [Fast Refresh] done in 23ms @ http://localhost:3000/_next/static/chunks/node_modules_next_dist_1e8vcs8._.js:776
[  101018ms] [LOG] [Fast Refresh] done in 23ms @ http://localhost:3000/_next/static/chunks/node_modules_next_dist_1e8vcs8._.js:776
[  101054ms] [LOG] [Fast Refresh] done in 23ms @ http://localhost:3000/_next/static/chunks/node_modules_next_dist_1e8vcs8._.js:776
[  101090ms] [LOG] [Fast Refresh] done in 23ms @ http://localhost:3000/_next/static/chunks/node_modules_next_dist_1e8vcs8._.js:776
[  101127ms] [LOG] [Fast Refresh] done in 23ms @ http://localhost:3000/_next/static/chunks/node_modules_next_dist_1e8vcs8._.js:776
[  101163ms] [LOG] [Fast Refresh] done in 23ms @ http://localhost:3000/_next/static/chunks/node_modules_next_dist_1e8vcs8._.js:776
[  101200ms] [LOG] [Fast Refresh] done in 23ms @ http://localhost:3000/_next/static/chunks/node_modules_next_dist_1e8vcs8._.js:776
[  101239ms] [LOG] [Fast Refresh] done in 23ms @ http://localhost:3000/_next/static/chunks/node_modules_next_dist_1e8vcs8._.js:776
[  101276ms] [LOG] [Fast Refresh] done in 23ms @ http://localhost:3000/_next/static/chunks/node_modules_next_dist_1e8vcs8._.js:776
[  101315ms] [LOG] [Fast Refresh] done in 23ms @ http://localhost:3000/_next/static/chunks/node_modules_next_dist_1e8vcs8._.js:776
[  101353ms] [LOG] [Fast Refresh] done in 23ms @ http://localhost:3000/_next/static/chunks/node_modules_next_dist_1e8vcs8._.js:776
[  101389ms] [LOG] [Fast Refresh] done in 23ms @ http://localhost:3000/_next/static/chunks/node_modules_next_dist_1e8vcs8._.js:776
[  101425ms] [LOG] [Fast Refresh] done in 23ms @ http://localhost:3000/_next/static/chunks/node_modules_next_dist_1e8vcs8._.js:776
[  101461ms] [LOG] [Fast Refresh] done in 23ms @ http://localhost:3000/_next/static/chunks/node_modules_next_dist_1e8vcs8._.js:776
[  101499ms] [LOG] [Fast Refresh] done in 23ms @ http://localhost:3000/_next/static/chunks/node_modules_next_dist_1e8vcs8._.js:776
[  101535ms] [LOG] [Fast Refresh] done in 23ms @ http://localhost:3000/_next/static/chunks/node_modules_next_dist_1e8vcs8._.js:776
[  101574ms] [LOG] [Fast Refresh] done in 23ms @ http://localhost:3000/_next/static/chunks/node_modules_next_dist_1e8vcs8._.js:776
[  101611ms] [LOG] [Fast Refresh] done in 23ms @ http://localhost:3000/_next/static/chunks/node_modules_next_dist_1e8vcs8._.js:776
[  101648ms] [LOG] [Fast Refresh] done in 23ms @ http://localhost:3000/_next/static/chunks/node_modules_next_dist_1e8vcs8._.js:776
[  101686ms] [LOG] [Fast Refresh] done in 23ms @ http://localhost:3000/_next/static/chunks/node_modules_next_dist_1e8vcs8._.js:776
[  101725ms] [LOG] [Fast Refresh] done in 23ms @ http://localhost:3000/_next/static/chunks/node_modules_next_dist_1e8vcs8._.js:776
[  101763ms] [LOG] [Fast Refresh] done in 23ms @ http://localhost:3000/_next/static/chunks/node_modules_next_dist_1e8vcs8._.js:776
[  101799ms] [LOG] [Fast Refresh] done in 23ms @ http://localhost:3000/_next/static/chunks/node_modules_next_dist_1e8vcs8._.js:776
[  101835ms] [LOG] [Fast Refresh] done in 23ms @ http://localhost:3000/_next/static/chunks/node_modules_next_dist_1e8vcs8._.js:776
[  101873ms] [LOG] [Fast Refresh] done in 23ms @ http://localhost:3000/_next/static/chunks/node_modules_next_dist_1e8vcs8._.js:776
[  101911ms] [LOG] [Fast Refresh] done in 23ms @ http://localhost:3000/_next/static/chunks/node_modules_next_dist_1e8vcs8._.js:776
[  101949ms] [LOG] [Fast Refresh] done in 23ms @ http://localhost:3000/_next/static/chunks/node_modules_next_dist_1e8vcs8._.js:776
[  101985ms] [LOG] [Fast Refresh] done in 23ms @ http://localhost:3000/_next/static/chunks/node_modules_next_dist_1e8vcs8._.js:776
[  102021ms] [LOG] [Fast Refresh] done in 23ms @ http://localhost:3000/_next/static/chunks/node_modules_next_dist_1e8vcs8._.js:776
[  102059ms] [LOG] [Fast Refresh] done in 23ms @ http://localhost:3000/_next/static/chunks/node_modules_next_dist_1e8vcs8._.js:776
[  102097ms] [LOG] [Fast Refresh] done in 23ms @ http://localhost:3000/_next/static/chunks/node_modules_next_dist_1e8vcs8._.js:776
[  102135ms] [LOG] [Fast Refresh] done in 23ms @ http://localhost:3000/_next/static/chunks/node_modules_next_dist_1e8vcs8._.js:776
[  102171ms] [LOG] [Fast Refresh] done in 23ms @ http://localhost:3000/_next/static/chunks/node_modules_next_dist_1e8vcs8._.js:776
[  102208ms] [LOG] [Fast Refresh] done in 23ms @ http://localhost:3000/_next/static/chunks/node_modules_next_dist_1e8vcs8._.js:776
[  102244ms] [LOG] [Fast Refresh] done in 23ms @ http://localhost:3000/_next/static/chunks/node_modules_next_dist_1e8vcs8._.js:776
[  102280ms] [LOG] [Fast Refresh] done in 23ms @ http://localhost:3000/_next/static/chunks/node_modules_next_dist_1e8vcs8._.js:776
[  102317ms] [LOG] [Fast Refresh] done in 23ms @ http://localhost:3000/_next/static/chunks/node_modules_next_dist_1e8vcs8._.js:776
[  102352ms] [LOG] [Fast Refresh] done in 23ms @ http://localhost:3000/_next/static/chunks/node_modules_next_dist_1e8vcs8._.js:776
[  102388ms] [LOG] [Fast Refresh] done in 23ms @ http://localhost:3000/_next/static/chunks/node_modules_next_dist_1e8vcs8._.js:776
[  102424ms] [LOG] [Fast Refresh] done in 23ms @ http://localhost:3000/_next/static/chunks/node_modules_next_dist_1e8vcs8._.js:776
[  102461ms] [LOG] [Fast Refresh] done in 23ms @ http://localhost:3000/_next/static/chunks/node_modules_next_dist_1e8vcs8._.js:776
[  102498ms] [LOG] [Fast Refresh] done in 23ms @ http://localhost:3000/_next/static/chunks/node_modules_next_dist_1e8vcs8._.js:776
[  102535ms] [LOG] [Fast Refresh] done in 23ms @ http://localhost:3000/_next/static/chunks/node_modules_next_dist_1e8vcs8._.js:776
[  102573ms] [LOG] [Fast Refresh] done in 23ms @ http://localhost:3000/_next/static/chunks/node_modules_next_dist_1e8vcs8._.js:776
[  102610ms] [LOG] [Fast Refresh] done in 23ms @ http://localhost:3000/_next/static/chunks/node_modules_next_dist_1e8vcs8._.js:776
[  102646ms] [LOG] [Fast Refresh] done in 23ms @ http://localhost:3000/_next/static/chunks/node_modules_next_dist_1e8vcs8._.js:776
[  102684ms] [LOG] [Fast Refresh] done in 23ms @ http://localhost:3000/_next/static/chunks/node_modules_next_dist_1e8vcs8._.js:776
[  102723ms] [LOG] [Fast Refresh] done in 23ms @ http://localhost:3000/_next/static/chunks/node_modules_next_dist_1e8vcs8._.js:776
[  102762ms] [LOG] [Fast Refresh] done in 23ms @ http://localhost:3000/_next/static/chunks/node_modules_next_dist_1e8vcs8._.js:776
[  102796ms] [LOG] [Fast Refresh] done in 23ms @ http://localhost:3000/_next/static/chunks/node_modules_next_dist_1e8vcs8._.js:776
[  102834ms] [LOG] [Fast Refresh] done in 23ms @ http://localhost:3000/_next/static/chunks/node_modules_next_dist_1e8vcs8._.js:776
[  102870ms] [LOG] [Fast Refresh] done in 23ms @ http://localhost:3000/_next/static/chunks/node_modules_next_dist_1e8vcs8._.js:776
[  102907ms] [LOG] [Fast Refresh] done in 23ms @ http://localhost:3000/_next/static/chunks/node_modules_next_dist_1e8vcs8._.js:776
[  102944ms] [LOG] [Fast Refresh] done in 23ms @ http://localhost:3000/_next/static/chunks/node_modules_next_dist_1e8vcs8._.js:776
[  102981ms] [LOG] [Fast Refresh] done in 23ms @ http://localhost:3000/_next/static/chunks/node_modules_next_dist_1e8vcs8._.js:776
[  103018ms] [LOG] [Fast Refresh] done in 23ms @ http://localhost:3000/_next/static/chunks/node_modules_next_dist_1e8vcs8._.js:776
[  103054ms] [LOG] [Fast Refresh] done in 23ms @ http://localhost:3000/_next/static/chunks/node_modules_next_dist_1e8vcs8._.js:776
[  103090ms] [LOG] [Fast Refresh] done in 23ms @ http://localhost:3000/_next/static/chunks/node_modules_next_dist_1e8vcs8._.js:776
[  103127ms] [LOG] [Fast Refresh] done in 23ms @ http://localhost:3000/_next/static/chunks/node_modules_next_dist_1e8vcs8._.js:776
[  103163ms] [LOG] [Fast Refresh] done in 23ms @ http://localhost:3000/_next/static/chunks/node_modules_next_dist_1e8vcs8._.js:776
[  103202ms] [LOG] [Fast Refresh] done in 23ms @ http://localhost:3000/_next/static/chunks/node_modules_next_dist_1e8vcs8._.js:776
[  103237ms] [LOG] [Fast Refresh] done in 23ms @ http://localhost:3000/_next/static/chunks/node_modules_next_dist_1e8vcs8._.js:776
[  103274ms] [LOG] [Fast Refresh] done in 23ms @ http://localhost:3000/_next/static/chunks/node_modules_next_dist_1e8vcs8._.js:776
[  103310ms] [LOG] [Fast Refresh] done in 23ms @ http://localhost:3000/_next/static/chunks/node_modules_next_dist_1e8vcs8._.js:776
[  103346ms] [LOG] [Fast Refresh] done in 23ms @ http://localhost:3000/_next/static/chunks/node_modules_next_dist_1e8vcs8._.js:776
[  103382ms] [LOG] [Fast Refresh] done in 23ms @ http://localhost:3000/_next/static/chunks/node_modules_next_dist_1e8vcs8._.js:776
[  103418ms] [LOG] [Fast Refresh] done in 23ms @ http://localhost:3000/_next/static/chunks/node_modules_next_dist_1e8vcs8._.js:776
[  103454ms] [LOG] [Fast Refresh] done in 23ms @ http://localhost:3000/_next/static/chunks/node_modules_next_dist_1e8vcs8._.js:776
[  103490ms] [LOG] [Fast Refresh] done in 23ms @ http://localhost:3000/_next/static/chunks/node_modules_next_dist_1e8vcs8._.js:776
[  103528ms] [LOG] [Fast Refresh] done in 23ms @ http://localhost:3000/_next/static/chunks/node_modules_next_dist_1e8vcs8._.js:776
[  103564ms] [LOG] [Fast Refresh] done in 23ms @ http://localhost:3000/_next/static/chunks/node_modules_next_dist_1e8vcs8._.js:776
[  103601ms] [LOG] [Fast Refresh] done in 23ms @ http://localhost:3000/_next/static/chunks/node_modules_next_dist_1e8vcs8._.js:776
[  103638ms] [LOG] [Fast Refresh] done in 23ms @ http://localhost:3000/_next/static/chunks/node_modules_next_dist_1e8vcs8._.js:776
[  103675ms] [LOG] [Fast Refresh] done in 23ms @ http://localhost:3000/_next/static/chunks/node_modules_next_dist_1e8vcs8._.js:776
[  103711ms] [LOG] [Fast Refresh] done in 23ms @ http://localhost:3000/_next/static/chunks/node_modules_next_dist_1e8vcs8._.js:776
[  103747ms] [LOG] [Fast Refresh] done in 23ms @ http://localhost:3000/_next/static/chunks/node_modules_next_dist_1e8vcs8._.js:776
[  103805ms] [LOG] [Fast Refresh] done in 23ms @ http://localhost:3000/_next/static/chunks/node_modules_next_dist_1e8vcs8._.js:776
[  103841ms] [LOG] [Fast Refresh] done in 23ms @ http://localhost:3000/_next/static/chunks/node_modules_next_dist_1e8vcs8._.js:776
[  103878ms] [LOG] [Fast Refresh] done in 23ms @ http://localhost:3000/_next/static/chunks/node_modules_next_dist_1e8vcs8._.js:776
[  103915ms] [LOG] [Fast Refresh] done in 23ms @ http://localhost:3000/_next/static/chunks/node_modules_next_dist_1e8vcs8._.js:776
[  103951ms] [LOG] [Fast Refresh] done in 23ms @ http://localhost:3000/_next/static/chunks/node_modules_next_dist_1e8vcs8._.js:776
[  103988ms] [LOG] [Fast Refresh] done in 23ms @ http://localhost:3000/_next/static/chunks/node_modules_next_dist_1e8vcs8._.js:776
[  104025ms] [LOG] [Fast Refresh] done in 23ms @ http://localhost:3000/_next/static/chunks/node_modules_next_dist_1e8vcs8._.js:776
[  104063ms] [LOG] [Fast Refresh] done in 23ms @ http://localhost:3000/_next/static/chunks/node_modules_next_dist_1e8vcs8._.js:776
[  104100ms] [LOG] [Fast Refresh] done in 23ms @ http://localhost:3000/_next/static/chunks/node_modules_next_dist_1e8vcs8._.js:776
[  104135ms] [LOG] [Fast Refresh] done in 23ms @ http://localhost:3000/_next/static/chunks/node_modules_next_dist_1e8vcs8._.js:776
[  104174ms] [LOG] [Fast Refresh] done in 23ms @ http://localhost:3000/_next/static/chunks/node_modules_next_dist_1e8vcs8._.js:776
[  104211ms] [LOG] [Fast Refresh] done in 23ms @ http://localhost:3000/_next/static/chunks/node_modules_next_dist_1e8vcs8._.js:776
[  104248ms] [LOG] [Fast Refresh] done in 23ms @ http://localhost:3000/_next/static/chunks/node_modules_next_dist_1e8vcs8._.js:776
[  104283ms] [LOG] [Fast Refresh] done in 23ms @ http://localhost:3000/_next/static/chunks/node_modules_next_dist_1e8vcs8._.js:776
[  104319ms] [LOG] [Fast Refresh] done in 23ms @ http://localhost:3000/_next/static/chunks/node_modules_next_dist_1e8vcs8._.js:776
[  104355ms] [LOG] [Fast Refresh] done in 23ms @ http://localhost:3000/_next/static/chunks/node_modules_next_dist_1e8vcs8._.js:776
[  104390ms] [LOG] [Fast Refresh] done in 23ms @ http://localhost:3000/_next/static/chunks/node_modules_next_dist_1e8vcs8._.js:776
[  104428ms] [LOG] [Fast Refresh] done in 23ms @ http://localhost:3000/_next/static/chunks/node_modules_next_dist_1e8vcs8._.js:776
[  104464ms] [LOG] [Fast Refresh] done in 23ms @ http://localhost:3000/_next/static/chunks/node_modules_next_dist_1e8vcs8._.js:776
[  104502ms] [LOG] [Fast Refresh] done in 23ms @ http://localhost:3000/_next/static/chunks/node_modules_next_dist_1e8vcs8._.js:776
[  104537ms] [LOG] [Fast Refresh] done in 23ms @ http://localhost:3000/_next/static/chunks/node_modules_next_dist_1e8vcs8._.js:776
[  104574ms] [LOG] [Fast Refresh] done in 23ms @ http://localhost:3000/_next/static/chunks/node_modules_next_dist_1e8vcs8._.js:776
[  104610ms] [LOG] [Fast Refresh] done in 23ms @ http://localhost:3000/_next/static/chunks/node_modules_next_dist_1e8vcs8._.js:776
[  104648ms] [LOG] [Fast Refresh] done in 23ms @ http://localhost:3000/_next/static/chunks/node_modules_next_dist_1e8vcs8._.js:776
[  104685ms] [LOG] [Fast Refresh] done in 23ms @ http://localhost:3000/_next/static/chunks/node_modules_next_dist_1e8vcs8._.js:776
[  104722ms] [LOG] [Fast Refresh] done in 23ms @ http://localhost:3000/_next/static/chunks/node_modules_next_dist_1e8vcs8._.js:776
[  104758ms] [LOG] [Fast Refresh] done in 23ms @ http://localhost:3000/_next/static/chunks/node_modules_next_dist_1e8vcs8._.js:776
[  104794ms] [LOG] [Fast Refresh] done in 23ms @ http://localhost:3000/_next/static/chunks/node_modules_next_dist_1e8vcs8._.js:776
[  104831ms] [LOG] [Fast Refresh] done in 23ms @ http://localhost:3000/_next/static/chunks/node_modules_next_dist_1e8vcs8._.js:776
[  104870ms] [LOG] [Fast Refresh] done in 23ms @ http://localhost:3000/_next/static/chunks/node_modules_next_dist_1e8vcs8._.js:776
[  104907ms] [LOG] [Fast Refresh] done in 23ms @ http://localhost:3000/_next/static/chunks/node_modules_next_dist_1e8vcs8._.js:776
[  104943ms] [LOG] [Fast Refresh] done in 23ms @ http://localhost:3000/_next/static/chunks/node_modules_next_dist_1e8vcs8._.js:776
[  104981ms] [LOG] [Fast Refresh] done in 23ms @ http://localhost:3000/_next/static/chunks/node_modules_next_dist_1e8vcs8._.js:776
[  105018ms] [LOG] [Fast Refresh] done in 23ms @ http://localhost:3000/_next/static/chunks/node_modules_next_dist_1e8vcs8._.js:776
[  105055ms] [LOG] [Fast Refresh] done in 23ms @ http://localhost:3000/_next/static/chunks/node_modules_next_dist_1e8vcs8._.js:776
[  105092ms] [LOG] [Fast Refresh] done in 23ms @ http://localhost:3000/_next/static/chunks/node_modules_next_dist_1e8vcs8._.js:776
[  105127ms] [LOG] [Fast Refresh] done in 23ms @ http://localhost:3000/_next/static/chunks/node_modules_next_dist_1e8vcs8._.js:776
[  105163ms] [LOG] [Fast Refresh] done in 23ms @ http://localhost:3000/_next/static/chunks/node_modules_next_dist_1e8vcs8._.js:776
[  105198ms] [LOG] [Fast Refresh] done in 23ms @ http://localhost:3000/_next/static/chunks/node_modules_next_dist_1e8vcs8._.js:776
[  105234ms] [LOG] [Fast Refresh] done in 23ms @ http://localhost:3000/_next/static/chunks/node_modules_next_dist_1e8vcs8._.js:776
[  105271ms] [LOG] [Fast Refresh] done in 23ms @ http://localhost:3000/_next/static/chunks/node_modules_next_dist_1e8vcs8._.js:776
[  105307ms] [LOG] [Fast Refresh] done in 23ms @ http://localhost:3000/_next/static/chunks/node_modules_next_dist_1e8vcs8._.js:776
[  105345ms] [LOG] [Fast Refresh] done in 23ms @ http://localhost:3000/_next/static/chunks/node_modules_next_dist_1e8vcs8._.js:776
[  105381ms] [LOG] [Fast Refresh] done in 23ms @ http://localhost:3000/_next/static/chunks/node_modules_next_dist_1e8vcs8._.js:776
[  105417ms] [LOG] [Fast Refresh] done in 23ms @ http://localhost:3000/_next/static/chunks/node_modules_next_dist_1e8vcs8._.js:776
[  105454ms] [LOG] [Fast Refresh] done in 23ms @ http://localhost:3000/_next/static/chunks/node_modules_next_dist_1e8vcs8._.js:776
[  105492ms] [LOG] [Fast Refresh] done in 23ms @ http://localhost:3000/_next/static/chunks/node_modules_next_dist_1e8vcs8._.js:776
[  105529ms] [LOG] [Fast Refresh] done in 23ms @ http://localhost:3000/_next/static/chunks/node_modules_next_dist_1e8vcs8._.js:776
[  105565ms] [LOG] [Fast Refresh] done in 23ms @ http://localhost:3000/_next/static/chunks/node_modules_next_dist_1e8vcs8._.js:776
[  105601ms] [LOG] [Fast Refresh] done in 23ms @ http://localhost:3000/_next/static/chunks/node_modules_next_dist_1e8vcs8._.js:776
[  105637ms] [LOG] [Fast Refresh] done in 23ms @ http://localhost:3000/_next/static/chunks/node_modules_next_dist_1e8vcs8._.js:776
[  105672ms] [LOG] [Fast Refresh] done in 23ms @ http://localhost:3000/_next/static/chunks/node_modules_next_dist_1e8vcs8._.js:776
[  105708ms] [LOG] [Fast Refresh] done in 23ms @ http://localhost:3000/_next/static/chunks/node_modules_next_dist_1e8vcs8._.js:776
[  105745ms] [LOG] [Fast Refresh] done in 23ms @ http://localhost:3000/_next/static/chunks/node_modules_next_dist_1e8vcs8._.js:776
[  105782ms] [LOG] [Fast Refresh] done in 23ms @ http://localhost:3000/_next/static/chunks/node_modules_next_dist_1e8vcs8._.js:776
[  105819ms] [LOG] [Fast Refresh] done in 23ms @ http://localhost:3000/_next/static/chunks/node_modules_next_dist_1e8vcs8._.js:776
[  105856ms] [LOG] [Fast Refresh] done in 23ms @ http://localhost:3000/_next/static/chunks/node_modules_next_dist_1e8vcs8._.js:776
[  105894ms] [LOG] [Fast Refresh] done in 23ms @ http://localhost:3000/_next/static/chunks/node_modules_next_dist_1e8vcs8._.js:776
[  105930ms] [LOG] [Fast Refresh] done in 23ms @ http://localhost:3000/_next/static/chunks/node_modules_next_dist_1e8vcs8._.js:776
[  105966ms] [LOG] [Fast Refresh] done in 23ms @ http://localhost:3000/_next/static/chunks/node_modules_next_dist_1e8vcs8._.js:776
[  106001ms] [LOG] [Fast Refresh] done in 23ms @ http://localhost:3000/_next/static/chunks/node_modules_next_dist_1e8vcs8._.js:776
[  106037ms] [LOG] [Fast Refresh] done in 23ms @ http://localhost:3000/_next/static/chunks/node_modules_next_dist_1e8vcs8._.js:776
[  106074ms] [LOG] [Fast Refresh] done in 23ms @ http://localhost:3000/_next/static/chunks/node_modules_next_dist_1e8vcs8._.js:776
[  106110ms] [LOG] [Fast Refresh] done in 23ms @ http://localhost:3000/_next/static/chunks/node_modules_next_dist_1e8vcs8._.js:776
[  106146ms] [LOG] [Fast Refresh] done in 23ms @ http://localhost:3000/_next/static/chunks/node_modules_next_dist_1e8vcs8._.js:776
[  106183ms] [LOG] [Fast Refresh] done in 23ms @ http://localhost:3000/_next/static/chunks/node_modules_next_dist_1e8vcs8._.js:776
[  106219ms] [LOG] [Fast Refresh] done in 23ms @ http://localhost:3000/_next/static/chunks/node_modules_next_dist_1e8vcs8._.js:776
[  106255ms] [LOG] [Fast Refresh] done in 23ms @ http://localhost:3000/_next/static/chunks/node_modules_next_dist_1e8vcs8._.js:776
[  106292ms] [LOG] [Fast Refresh] done in 23ms @ http://localhost:3000/_next/static/chunks/node_modules_next_dist_1e8vcs8._.js:776
[  106327ms] [LOG] [Fast Refresh] done in 23ms @ http://localhost:3000/_next/static/chunks/node_modules_next_dist_1e8vcs8._.js:776
[  106362ms] [LOG] [Fast Refresh] done in 23ms @ http://localhost:3000/_next/static/chunks/node_modules_next_dist_1e8vcs8._.js:776
[  106398ms] [LOG] [Fast Refresh] done in 23ms @ http://localhost:3000/_next/static/chunks/node_modules_next_dist_1e8vcs8._.js:776
[  106435ms] [LOG] [Fast Refresh] done in 23ms @ http://localhost:3000/_next/static/chunks/node_modules_next_dist_1e8vcs8._.js:776
[  106475ms] [LOG] [Fast Refresh] done in 23ms @ http://localhost:3000/_next/static/chunks/node_modules_next_dist_1e8vcs8._.js:776
[  106512ms] [LOG] [Fast Refresh] done in 23ms @ http://localhost:3000/_next/static/chunks/node_modules_next_dist_1e8vcs8._.js:776
[  106549ms] [LOG] [Fast Refresh] done in 23ms @ http://localhost:3000/_next/static/chunks/node_modules_next_dist_1e8vcs8._.js:776
[  106585ms] [LOG] [Fast Refresh] done in 23ms @ http://localhost:3000/_next/static/chunks/node_modules_next_dist_1e8vcs8._.js:776
[  106621ms] [LOG] [Fast Refresh] done in 23ms @ http://localhost:3000/_next/static/chunks/node_modules_next_dist_1e8vcs8._.js:776
[  106658ms] [LOG] [Fast Refresh] done in 23ms @ http://localhost:3000/_next/static/chunks/node_modules_next_dist_1e8vcs8._.js:776
[  106694ms] [LOG] [Fast Refresh] done in 23ms @ http://localhost:3000/_next/static/chunks/node_modules_next_dist_1e8vcs8._.js:776
[  106731ms] [LOG] [Fast Refresh] done in 23ms @ http://localhost:3000/_next/static/chunks/node_modules_next_dist_1e8vcs8._.js:776
[  106767ms] [LOG] [Fast Refresh] done in 23ms @ http://localhost:3000/_next/static/chunks/node_modules_next_dist_1e8vcs8._.js:776
[  106803ms] [LOG] [Fast Refresh] done in 23ms @ http://localhost:3000/_next/static/chunks/node_modules_next_dist_1e8vcs8._.js:776
[  106841ms] [LOG] [Fast Refresh] done in 23ms @ http://localhost:3000/_next/static/chunks/node_modules_next_dist_1e8vcs8._.js:776
[  106879ms] [LOG] [Fast Refresh] done in 23ms @ http://localhost:3000/_next/static/chunks/node_modules_next_dist_1e8vcs8._.js:776
[  106915ms] [LOG] [Fast Refresh] done in 23ms @ http://localhost:3000/_next/static/chunks/node_modules_next_dist_1e8vcs8._.js:776
[  106951ms] [LOG] [Fast Refresh] done in 23ms @ http://localhost:3000/_next/static/chunks/node_modules_next_dist_1e8vcs8._.js:776
[  106987ms] [LOG] [Fast Refresh] done in 23ms @ http://localhost:3000/_next/static/chunks/node_modules_next_dist_1e8vcs8._.js:776
[  107023ms] [LOG] [Fast Refresh] done in 23ms @ http://localhost:3000/_next/static/chunks/node_modules_next_dist_1e8vcs8._.js:776
[  107059ms] [LOG] [Fast Refresh] done in 23ms @ http://localhost:3000/_next/static/chunks/node_modules_next_dist_1e8vcs8._.js:776
[  107097ms] [LOG] [Fast Refresh] done in 23ms @ http://localhost:3000/_next/static/chunks/node_modules_next_dist_1e8vcs8._.js:776
[  107133ms] [LOG] [Fast Refresh] done in 23ms @ http://localhost:3000/_next/static/chunks/node_modules_next_dist_1e8vcs8._.js:776
[  107169ms] [LOG] [Fast Refresh] done in 23ms @ http://localhost:3000/_next/static/chunks/node_modules_next_dist_1e8vcs8._.js:776
[  107205ms] [LOG] [Fast Refresh] done in 23ms @ http://localhost:3000/_next/static/chunks/node_modules_next_dist_1e8vcs8._.js:776
[  107241ms] [LOG] [Fast Refresh] done in 23ms @ http://localhost:3000/_next/static/chunks/node_modules_next_dist_1e8vcs8._.js:776
[  107277ms] [LOG] [Fast Refresh] done in 23ms @ http://localhost:3000/_next/static/chunks/node_modules_next_dist_1e8vcs8._.js:776
[  107313ms] [LOG] [Fast Refresh] done in 23ms @ http://localhost:3000/_next/static/chunks/node_modules_next_dist_1e8vcs8._.js:776
[  107349ms] [LOG] [Fast Refresh] done in 23ms @ http://localhost:3000/_next/static/chunks/node_modules_next_dist_1e8vcs8._.js:776
[  107385ms] [LOG] [Fast Refresh] done in 23ms @ http://localhost:3000/_next/static/chunks/node_modules_next_dist_1e8vcs8._.js:776
[  107421ms] [LOG] [Fast Refresh] done in 23ms @ http://localhost:3000/_next/static/chunks/node_modules_next_dist_1e8vcs8._.js:776
[  107457ms] [LOG] [Fast Refresh] done in 23ms @ http://localhost:3000/_next/static/chunks/node_modules_next_dist_1e8vcs8._.js:776
[  107493ms] [LOG] [Fast Refresh] done in 23ms @ http://localhost:3000/_next/static/chunks/node_modules_next_dist_1e8vcs8._.js:776
[  107529ms] [LOG] [Fast Refresh] done in 23ms @ http://localhost:3000/_next/static/chunks/node_modules_next_dist_1e8vcs8._.js:776
[  107566ms] [LOG] [Fast Refresh] done in 23ms @ http://localhost:3000/_next/static/chunks/node_modules_next_dist_1e8vcs8._.js:776
[  107601ms] [LOG] [Fast Refresh] done in 23ms @ http://localhost:3000/_next/static/chunks/node_modules_next_dist_1e8vcs8._.js:776
[  107638ms] [LOG] [Fast Refresh] done in 23ms @ http://localhost:3000/_next/static/chunks/node_modules_next_dist_1e8vcs8._.js:776
[  107673ms] [LOG] [Fast Refresh] done in 23ms @ http://localhost:3000/_next/static/chunks/node_modules_next_dist_1e8vcs8._.js:776
[  107710ms] [LOG] [Fast Refresh] done in 23ms @ http://localhost:3000/_next/static/chunks/node_modules_next_dist_1e8vcs8._.js:776
[  107746ms] [LOG] [Fast Refresh] done in 23ms @ http://localhost:3000/_next/static/chunks/node_modules_next_dist_1e8vcs8._.js:776
[  107784ms] [LOG] [Fast Refresh] done in 23ms @ http://localhost:3000/_next/static/chunks/node_modules_next_dist_1e8vcs8._.js:776
[  107820ms] [LOG] [Fast Refresh] done in 23ms @ http://localhost:3000/_next/static/chunks/node_modules_next_dist_1e8vcs8._.js:776
[  107857ms] [LOG] [Fast Refresh] done in 23ms @ http://localhost:3000/_next/static/chunks/node_modules_next_dist_1e8vcs8._.js:776
[  107892ms] [LOG] [Fast Refresh] done in 23ms @ http://localhost:3000/_next/static/chunks/node_modules_next_dist_1e8vcs8._.js:776
[  107928ms] [LOG] [Fast Refresh] done in 23ms @ http://localhost:3000/_next/static/chunks/node_modules_next_dist_1e8vcs8._.js:776
[  107963ms] [LOG] [Fast Refresh] done in 23ms @ http://localhost:3000/_next/static/chunks/node_modules_next_dist_1e8vcs8._.js:776
[  107998ms] [LOG] [Fast Refresh] done in 23ms @ http://localhost:3000/_next/static/chunks/node_modules_next_dist_1e8vcs8._.js:776
[  108035ms] [LOG] [Fast Refresh] done in 23ms @ http://localhost:3000/_next/static/chunks/node_modules_next_dist_1e8vcs8._.js:776
[  108072ms] [LOG] [Fast Refresh] done in 23ms @ http://localhost:3000/_next/static/chunks/node_modules_next_dist_1e8vcs8._.js:776
[  108108ms] [LOG] [Fast Refresh] done in 23ms @ http://localhost:3000/_next/static/chunks/node_modules_next_dist_1e8vcs8._.js:776
[  108145ms] [LOG] [Fast Refresh] done in 23ms @ http://localhost:3000/_next/static/chunks/node_modules_next_dist_1e8vcs8._.js:776
[  108181ms] [LOG] [Fast Refresh] done in 23ms @ http://localhost:3000/_next/static/chunks/node_modules_next_dist_1e8vcs8._.js:776
[  108219ms] [LOG] [Fast Refresh] done in 23ms @ http://localhost:3000/_next/static/chunks/node_modules_next_dist_1e8vcs8._.js:776
[  108254ms] [LOG] [Fast Refresh] done in 23ms @ http://localhost:3000/_next/static/chunks/node_modules_next_dist_1e8vcs8._.js:776
[  108290ms] [LOG] [Fast Refresh] done in 23ms @ http://localhost:3000/_next/static/chunks/node_modules_next_dist_1e8vcs8._.js:776
[  108327ms] [LOG] [Fast Refresh] done in 23ms @ http://localhost:3000/_next/static/chunks/node_modules_next_dist_1e8vcs8._.js:776
[  108364ms] [LOG] [Fast Refresh] done in 23ms @ http://localhost:3000/_next/static/chunks/node_modules_next_dist_1e8vcs8._.js:776
[  108400ms] [LOG] [Fast Refresh] done in 23ms @ http://localhost:3000/_next/static/chunks/node_modules_next_dist_1e8vcs8._.js:776
[  108436ms] [LOG] [Fast Refresh] done in 23ms @ http://localhost:3000/_next/static/chunks/node_modules_next_dist_1e8vcs8._.js:776
[  108472ms] [LOG] [Fast Refresh] done in 23ms @ http://localhost:3000/_next/static/chunks/node_modules_next_dist_1e8vcs8._.js:776
[  108507ms] [LOG] [Fast Refresh] done in 23ms @ http://localhost:3000/_next/static/chunks/node_modules_next_dist_1e8vcs8._.js:776
[  108543ms] [LOG] [Fast Refresh] done in 23ms @ http://localhost:3000/_next/static/chunks/node_modules_next_dist_1e8vcs8._.js:776
[  108579ms] [LOG] [Fast Refresh] done in 23ms @ http://localhost:3000/_next/static/chunks/node_modules_next_dist_1e8vcs8._.js:776
[  108615ms] [LOG] [Fast Refresh] done in 23ms @ http://localhost:3000/_next/static/chunks/node_modules_next_dist_1e8vcs8._.js:776
[  108651ms] [LOG] [Fast Refresh] done in 23ms @ http://localhost:3000/_next/static/chunks/node_modules_next_dist_1e8vcs8._.js:776
[  108688ms] [LOG] [Fast Refresh] done in 23ms @ http://localhost:3000/_next/static/chunks/node_modules_next_dist_1e8vcs8._.js:776
[  108726ms] [LOG] [Fast Refresh] done in 23ms @ http://localhost:3000/_next/static/chunks/node_modules_next_dist_1e8vcs8._.js:776
[  108761ms] [LOG] [Fast Refresh] done in 23ms @ http://localhost:3000/_next/static/chunks/node_modules_next_dist_1e8vcs8._.js:776
[  108798ms] [LOG] [Fast Refresh] done in 23ms @ http://localhost:3000/_next/static/chunks/node_modules_next_dist_1e8vcs8._.js:776
[  108834ms] [LOG] [Fast Refresh] done in 23ms @ http://localhost:3000/_next/static/chunks/node_modules_next_dist_1e8vcs8._.js:776
[  108870ms] [LOG] [Fast Refresh] done in 23ms @ http://localhost:3000/_next/static/chunks/node_modules_next_dist_1e8vcs8._.js:776
[  108907ms] [LOG] [Fast Refresh] done in 23ms @ http://localhost:3000/_next/static/chunks/node_modules_next_dist_1e8vcs8._.js:776
[  108943ms] [LOG] [Fast Refresh] done in 23ms @ http://localhost:3000/_next/static/chunks/node_modules_next_dist_1e8vcs8._.js:776
[  108978ms] [LOG] [Fast Refresh] done in 23ms @ http://localhost:3000/_next/static/chunks/node_modules_next_dist_1e8vcs8._.js:776
[  109015ms] [LOG] [Fast Refresh] done in 23ms @ http://localhost:3000/_next/static/chunks/node_modules_next_dist_1e8vcs8._.js:776
[  109051ms] [LOG] [Fast Refresh] done in 23ms @ http://localhost:3000/_next/static/chunks/node_modules_next_dist_1e8vcs8._.js:776
[  109087ms] [LOG] [Fast Refresh] done in 23ms @ http://localhost:3000/_next/static/chunks/node_modules_next_dist_1e8vcs8._.js:776
[  109123ms] [LOG] [Fast Refresh] done in 23ms @ http://localhost:3000/_next/static/chunks/node_modules_next_dist_1e8vcs8._.js:776
[  109159ms] [LOG] [Fast Refresh] done in 23ms @ http://localhost:3000/_next/static/chunks/node_modules_next_dist_1e8vcs8._.js:776
[  109196ms] [LOG] [Fast Refresh] done in 23ms @ http://localhost:3000/_next/static/chunks/node_modules_next_dist_1e8vcs8._.js:776
[  109233ms] [LOG] [Fast Refresh] done in 23ms @ http://localhost:3000/_next/static/chunks/node_modules_next_dist_1e8vcs8._.js:776
[  109270ms] [LOG] [Fast Refresh] done in 23ms @ http://localhost:3000/_next/static/chunks/node_modules_next_dist_1e8vcs8._.js:776
[  109308ms] [LOG] [Fast Refresh] done in 23ms @ http://localhost:3000/_next/static/chunks/node_modules_next_dist_1e8vcs8._.js:776
[  109345ms] [LOG] [Fast Refresh] done in 23ms @ http://localhost:3000/_next/static/chunks/node_modules_next_dist_1e8vcs8._.js:776
[  109380ms] [LOG] [Fast Refresh] done in 23ms @ http://localhost:3000/_next/static/chunks/node_modules_next_dist_1e8vcs8._.js:776
[  109418ms] [LOG] [Fast Refresh] done in 23ms @ http://localhost:3000/_next/static/chunks/node_modules_next_dist_1e8vcs8._.js:776
[  109455ms] [LOG] [Fast Refresh] done in 23ms @ http://localhost:3000/_next/static/chunks/node_modules_next_dist_1e8vcs8._.js:776
[  109491ms] [LOG] [Fast Refresh] done in 23ms @ http://localhost:3000/_next/static/chunks/node_modules_next_dist_1e8vcs8._.js:776
[  109527ms] [LOG] [Fast Refresh] done in 23ms @ http://localhost:3000/_next/static/chunks/node_modules_next_dist_1e8vcs8._.js:776
[  109563ms] [LOG] [Fast Refresh] done in 23ms @ http://localhost:3000/_next/static/chunks/node_modules_next_dist_1e8vcs8._.js:776
[  109600ms] [LOG] [Fast Refresh] done in 23ms @ http://localhost:3000/_next/static/chunks/node_modules_next_dist_1e8vcs8._.js:776
[  109636ms] [LOG] [Fast Refresh] done in 23ms @ http://localhost:3000/_next/static/chunks/node_modules_next_dist_1e8vcs8._.js:776
[  109673ms] [LOG] [Fast Refresh] done in 23ms @ http://localhost:3000/_next/static/chunks/node_modules_next_dist_1e8vcs8._.js:776
[  109708ms] [LOG] [Fast Refresh] done in 23ms @ http://localhost:3000/_next/static/chunks/node_modules_next_dist_1e8vcs8._.js:776
[  109744ms] [LOG] [Fast Refresh] done in 23ms @ http://localhost:3000/_next/static/chunks/node_modules_next_dist_1e8vcs8._.js:776
[  109781ms] [LOG] [Fast Refresh] done in 23ms @ http://localhost:3000/_next/static/chunks/node_modules_next_dist_1e8vcs8._.js:776
[  109819ms] [LOG] [Fast Refresh] done in 23ms @ http://localhost:3000/_next/static/chunks/node_modules_next_dist_1e8vcs8._.js:776
[  109855ms] [LOG] [Fast Refresh] done in 23ms @ http://localhost:3000/_next/static/chunks/node_modules_next_dist_1e8vcs8._.js:776
[  109895ms] [LOG] [Fast Refresh] done in 23ms @ http://localhost:3000/_next/static/chunks/node_modules_next_dist_1e8vcs8._.js:776
[  109933ms] [LOG] [Fast Refresh] done in 23ms @ http://localhost:3000/_next/static/chunks/node_modules_next_dist_1e8vcs8._.js:776
[  109969ms] [LOG] [Fast Refresh] done in 23ms @ http://localhost:3000/_next/static/chunks/node_modules_next_dist_1e8vcs8._.js:776
[  110006ms] [LOG] [Fast Refresh] done in 23ms @ http://localhost:3000/_next/static/chunks/node_modules_next_dist_1e8vcs8._.js:776
[  110042ms] [LOG] [Fast Refresh] done in 23ms @ http://localhost:3000/_next/static/chunks/node_modules_next_dist_1e8vcs8._.js:776
[  110078ms] [LOG] [Fast Refresh] done in 23ms @ http://localhost:3000/_next/static/chunks/node_modules_next_dist_1e8vcs8._.js:776
[  110115ms] [LOG] [Fast Refresh] done in 23ms @ http://localhost:3000/_next/static/chunks/node_modules_next_dist_1e8vcs8._.js:776
[  110151ms] [LOG] [Fast Refresh] done in 23ms @ http://localhost:3000/_next/static/chunks/node_modules_next_dist_1e8vcs8._.js:776
[  110186ms] [LOG] [Fast Refresh] done in 23ms @ http://localhost:3000/_next/static/chunks/node_modules_next_dist_1e8vcs8._.js:776
[  110222ms] [LOG] [Fast Refresh] done in 23ms @ http://localhost:3000/_next/static/chunks/node_modules_next_dist_1e8vcs8._.js:776
[  110258ms] [LOG] [Fast Refresh] done in 23ms @ http://localhost:3000/_next/static/chunks/node_modules_next_dist_1e8vcs8._.js:776
[  110295ms] [LOG] [Fast Refresh] done in 23ms @ http://localhost:3000/_next/static/chunks/node_modules_next_dist_1e8vcs8._.js:776
[  110333ms] [LOG] [Fast Refresh] done in 23ms @ http://localhost:3000/_next/static/chunks/node_modules_next_dist_1e8vcs8._.js:776
[  110368ms] [LOG] [Fast Refresh] done in 23ms @ http://localhost:3000/_next/static/chunks/node_modules_next_dist_1e8vcs8._.js:776
[  110405ms] [LOG] [Fast Refresh] done in 23ms @ http://localhost:3000/_next/static/chunks/node_modules_next_dist_1e8vcs8._.js:776
[  110441ms] [LOG] [Fast Refresh] done in 23ms @ http://localhost:3000/_next/static/chunks/node_modules_next_dist_1e8vcs8._.js:776
[  110478ms] [LOG] [Fast Refresh] done in 23ms @ http://localhost:3000/_next/static/chunks/node_modules_next_dist_1e8vcs8._.js:776
[  110515ms] [LOG] [Fast Refresh] done in 23ms @ http://localhost:3000/_next/static/chunks/node_modules_next_dist_1e8vcs8._.js:776
[  110551ms] [LOG] [Fast Refresh] done in 23ms @ http://localhost:3000/_next/static/chunks/node_modules_next_dist_1e8vcs8._.js:776
[  110589ms] [LOG] [Fast Refresh] done in 23ms @ http://localhost:3000/_next/static/chunks/node_modules_next_dist_1e8vcs8._.js:776
[  110625ms] [LOG] [Fast Refresh] done in 23ms @ http://localhost:3000/_next/static/chunks/node_modules_next_dist_1e8vcs8._.js:776
[  110661ms] [LOG] [Fast Refresh] done in 23ms @ http://localhost:3000/_next/static/chunks/node_modules_next_dist_1e8vcs8._.js:776
[  110697ms] [LOG] [Fast Refresh] done in 23ms @ http://localhost:3000/_next/static/chunks/node_modules_next_dist_1e8vcs8._.js:776
[  110734ms] [LOG] [Fast Refresh] done in 23ms @ http://localhost:3000/_next/static/chunks/node_modules_next_dist_1e8vcs8._.js:776
[  110770ms] [LOG] [Fast Refresh] done in 23ms @ http://localhost:3000/_next/static/chunks/node_modules_next_dist_1e8vcs8._.js:776
[  110806ms] [LOG] [Fast Refresh] done in 23ms @ http://localhost:3000/_next/static/chunks/node_modules_next_dist_1e8vcs8._.js:776
[  110843ms] [LOG] [Fast Refresh] done in 23ms @ http://localhost:3000/_next/static/chunks/node_modules_next_dist_1e8vcs8._.js:776
[  110879ms] [LOG] [Fast Refresh] done in 23ms @ http://localhost:3000/_next/static/chunks/node_modules_next_dist_1e8vcs8._.js:776
[  110915ms] [LOG] [Fast Refresh] done in 23ms @ http://localhost:3000/_next/static/chunks/node_modules_next_dist_1e8vcs8._.js:776
[  110950ms] [LOG] [Fast Refresh] done in 23ms @ http://localhost:3000/_next/static/chunks/node_modules_next_dist_1e8vcs8._.js:776
[  110987ms] [LOG] [Fast Refresh] done in 23ms @ http://localhost:3000/_next/static/chunks/node_modules_next_dist_1e8vcs8._.js:776
[  111023ms] [LOG] [Fast Refresh] done in 23ms @ http://localhost:3000/_next/static/chunks/node_modules_next_dist_1e8vcs8._.js:776
[  111059ms] [LOG] [Fast Refresh] done in 23ms @ http://localhost:3000/_next/static/chunks/node_modules_next_dist_1e8vcs8._.js:776
[  111096ms] [LOG] [Fast Refresh] done in 23ms @ http://localhost:3000/_next/static/chunks/node_modules_next_dist_1e8vcs8._.js:776
[  111133ms] [LOG] [Fast Refresh] done in 23ms @ http://localhost:3000/_next/static/chunks/node_modules_next_dist_1e8vcs8._.js:776
[  111168ms] [LOG] [Fast Refresh] done in 23ms @ http://localhost:3000/_next/static/chunks/node_modules_next_dist_1e8vcs8._.js:776
[  111209ms] [LOG] [Fast Refresh] done in 23ms @ http://localhost:3000/_next/static/chunks/node_modules_next_dist_1e8vcs8._.js:776
[  111249ms] [LOG] [Fast Refresh] done in 23ms @ http://localhost:3000/_next/static/chunks/node_modules_next_dist_1e8vcs8._.js:776
[  111287ms] [LOG] [Fast Refresh] done in 23ms @ http://localhost:3000/_next/static/chunks/node_modules_next_dist_1e8vcs8._.js:776
[  111325ms] [LOG] [Fast Refresh] done in 23ms @ http://localhost:3000/_next/static/chunks/node_modules_next_dist_1e8vcs8._.js:776
[  111362ms] [LOG] [Fast Refresh] done in 23ms @ http://localhost:3000/_next/static/chunks/node_modules_next_dist_1e8vcs8._.js:776
[  111399ms] [LOG] [Fast Refresh] done in 23ms @ http://localhost:3000/_next/static/chunks/node_modules_next_dist_1e8vcs8._.js:776
[  111435ms] [LOG] [Fast Refresh] done in 23ms @ http://localhost:3000/_next/static/chunks/node_modules_next_dist_1e8vcs8._.js:776
[  111473ms] [LOG] [Fast Refresh] done in 23ms @ http://localhost:3000/_next/static/chunks/node_modules_next_dist_1e8vcs8._.js:776
[  111509ms] [LOG] [Fast Refresh] done in 23ms @ http://localhost:3000/_next/static/chunks/node_modules_next_dist_1e8vcs8._.js:776
[  111545ms] [LOG] [Fast Refresh] done in 23ms @ http://localhost:3000/_next/static/chunks/node_modules_next_dist_1e8vcs8._.js:776
[  111583ms] [LOG] [Fast Refresh] done in 23ms @ http://localhost:3000/_next/static/chunks/node_modules_next_dist_1e8vcs8._.js:776
[  111619ms] [LOG] [Fast Refresh] done in 23ms @ http://localhost:3000/_next/static/chunks/node_modules_next_dist_1e8vcs8._.js:776
[  111655ms] [LOG] [Fast Refresh] done in 23ms @ http://localhost:3000/_next/static/chunks/node_modules_next_dist_1e8vcs8._.js:776
[  111692ms] [LOG] [Fast Refresh] done in 23ms @ http://localhost:3000/_next/static/chunks/node_modules_next_dist_1e8vcs8._.js:776
[  111728ms] [LOG] [Fast Refresh] done in 23ms @ http://localhost:3000/_next/static/chunks/node_modules_next_dist_1e8vcs8._.js:776
[  111764ms] [LOG] [Fast Refresh] done in 23ms @ http://localhost:3000/_next/static/chunks/node_modules_next_dist_1e8vcs8._.js:776
[  111800ms] [LOG] [Fast Refresh] done in 23ms @ http://localhost:3000/_next/static/chunks/node_modules_next_dist_1e8vcs8._.js:776
[  111840ms] [LOG] [Fast Refresh] done in 23ms @ http://localhost:3000/_next/static/chunks/node_modules_next_dist_1e8vcs8._.js:776
[  111877ms] [LOG] [Fast Refresh] done in 23ms @ http://localhost:3000/_next/static/chunks/node_modules_next_dist_1e8vcs8._.js:776
[  111914ms] [LOG] [Fast Refresh] done in 23ms @ http://localhost:3000/_next/static/chunks/node_modules_next_dist_1e8vcs8._.js:776
[  111949ms] [LOG] [Fast Refresh] done in 23ms @ http://localhost:3000/_next/static/chunks/node_modules_next_dist_1e8vcs8._.js:776
[  111985ms] [LOG] [Fast Refresh] done in 23ms @ http://localhost:3000/_next/static/chunks/node_modules_next_dist_1e8vcs8._.js:776
[  112022ms] [LOG] [Fast Refresh] done in 23ms @ http://localhost:3000/_next/static/chunks/node_modules_next_dist_1e8vcs8._.js:776
[  112058ms] [LOG] [Fast Refresh] done in 23ms @ http://localhost:3000/_next/static/chunks/node_modules_next_dist_1e8vcs8._.js:776
[  112096ms] [LOG] [Fast Refresh] done in 23ms @ http://localhost:3000/_next/static/chunks/node_modules_next_dist_1e8vcs8._.js:776
[  112131ms] [LOG] [Fast Refresh] done in 23ms @ http://localhost:3000/_next/static/chunks/node_modules_next_dist_1e8vcs8._.js:776
[  112168ms] [LOG] [Fast Refresh] done in 23ms @ http://localhost:3000/_next/static/chunks/node_modules_next_dist_1e8vcs8._.js:776
[  112204ms] [LOG] [Fast Refresh] done in 23ms @ http://localhost:3000/_next/static/chunks/node_modules_next_dist_1e8vcs8._.js:776
[  112243ms] [LOG] [Fast Refresh] done in 23ms @ http://localhost:3000/_next/static/chunks/node_modules_next_dist_1e8vcs8._.js:776
[  112278ms] [LOG] [Fast Refresh] done in 23ms @ http://localhost:3000/_next/static/chunks/node_modules_next_dist_1e8vcs8._.js:776
[  112315ms] [LOG] [Fast Refresh] done in 23ms @ http://localhost:3000/_next/static/chunks/node_modules_next_dist_1e8vcs8._.js:776
[  112352ms] [LOG] [Fast Refresh] done in 23ms @ http://localhost:3000/_next/static/chunks/node_modules_next_dist_1e8vcs8._.js:776
[  112389ms] [LOG] [Fast Refresh] done in 23ms @ http://localhost:3000/_next/static/chunks/node_modules_next_dist_1e8vcs8._.js:776
[  112425ms] [LOG] [Fast Refresh] done in 23ms @ http://localhost:3000/_next/static/chunks/node_modules_next_dist_1e8vcs8._.js:776
[  112461ms] [LOG] [Fast Refresh] done in 23ms @ http://localhost:3000/_next/static/chunks/node_modules_next_dist_1e8vcs8._.js:776
[  112497ms] [LOG] [Fast Refresh] done in 23ms @ http://localhost:3000/_next/static/chunks/node_modules_next_dist_1e8vcs8._.js:776
[  112533ms] [LOG] [Fast Refresh] done in 23ms @ http://localhost:3000/_next/static/chunks/node_modules_next_dist_1e8vcs8._.js:776
[  112601ms] [LOG] [Fast Refresh] done in 23ms @ http://localhost:3000/_next/static/chunks/node_modules_next_dist_1e8vcs8._.js:776
[  112660ms] [INFO] %cDownload the React DevTools for a better development experience: https://react.dev/link/react-devtools font-weight:bold @ http://localhost:3000/_next/static/chunks/node_modules_next_dist_1e8vcs8._.js:776
[  112677ms] [LOG] [HMR] connected @ http://localhost:3000/_next/static/chunks/node_modules_next_dist_1e8vcs8._.js:776
