[     353ms] [INFO] %cDownload the React DevTools for a better development experience: https://react.dev/link/react-devtools font-weight:bold @ http://localhost:3000/_next/static/chunks/node_modules_next_dist_1e8vcs8._.js:776
[     462ms] [LOG] [HMR] connected @ http://localhost:3000/_next/static/chunks/node_modules_next_dist_1e8vcs8._.js:776
[  195586ms] [VERBOSE] [DOM] Password field is not contained in a form: (More info: https://goo.gl/9p2vKq) %o @ http://localhost:3000/onboarding:0
[  282608ms] [LOG] [Fast Refresh] rebuilding @ http://localhost:3000/_next/static/chunks/node_modules_next_dist_1e8vcs8._.js:776
[  282676ms] [LOG] [Fast Refresh] done in 24ms @ http://localhost:3000/_next/static/chunks/node_modules_next_dist_1e8vcs8._.js:776
[  282716ms] [LOG] [Fast Refresh] done in 24ms @ http://localhost:3000/_next/static/chunks/node_modules_next_dist_1e8vcs8._.js:776
[  282769ms] [LOG] [Fast Refresh] done in 24ms @ http://localhost:3000/_next/static/chunks/node_modules_next_dist_1e8vcs8._.js:776
[  282810ms] [LOG] [Fast Refresh] done in 24ms @ http://localhost:3000/_next/static/chunks/node_modules_next_dist_1e8vcs8._.js:776
[  282848ms] [LOG] [Fast Refresh] done in 24ms @ http://localhost:3000/_next/static/chunks/node_modules_next_dist_1e8vcs8._.js:776
[  282885ms] [LOG] [Fast Refresh] done in 24ms @ http://localhost:3000/_next/static/chunks/node_modules_next_dist_1e8vcs8._.js:776
[  282923ms] [LOG] [Fast Refresh] done in 24ms @ http://localhost:3000/_next/static/chunks/node_modules_next_dist_1e8vcs8._.js:776
[  282962ms] [LOG] [Fast Refresh] done in 24ms @ http://localhost:3000/_next/static/chunks/node_modules_next_dist_1e8vcs8._.js:776
[  282999ms] [LOG] [Fast Refresh] done in 24ms @ http://localhost:3000/_next/static/chunks/node_modules_next_dist_1e8vcs8._.js:776
[  283036ms] [LOG] [Fast Refresh] done in 24ms @ http://localhost:3000/_next/static/chunks/node_modules_next_dist_1e8vcs8._.js:776
[  283074ms] [LOG] [Fast Refresh] done in 24ms @ http://localhost:3000/_next/static/chunks/node_modules_next_dist_1e8vcs8._.js:776
[  283111ms] [LOG] [Fast Refresh] done in 24ms @ http://localhost:3000/_next/static/chunks/node_modules_next_dist_1e8vcs8._.js:776
[  283147ms] [LOG] [Fast Refresh] done in 24ms @ http://localhost:3000/_next/static/chunks/node_modules_next_dist_1e8vcs8._.js:776
[  283184ms] [LOG] [Fast Refresh] done in 24ms @ http://localhost:3000/_next/static/chunks/node_modules_next_dist_1e8vcs8._.js:776
[  283225ms] [LOG] [Fast Refresh] done in 24ms @ http://localhost:3000/_next/static/chunks/node_modules_next_dist_1e8vcs8._.js:776
[  283264ms] [LOG] [Fast Refresh] done in 24ms @ http://localhost:3000/_next/static/chunks/node_modules_next_dist_1e8vcs8._.js:776
[  283303ms] [LOG] [Fast Refresh] done in 24ms @ http://localhost:3000/_next/static/chunks/node_modules_next_dist_1e8vcs8._.js:776
[  283341ms] [LOG] [Fast Refresh] done in 24ms @ http://localhost:3000/_next/static/chunks/node_modules_next_dist_1e8vcs8._.js:776
[  283377ms] [LOG] [Fast Refresh] done in 24ms @ http://localhost:3000/_next/static/chunks/node_modules_next_dist_1e8vcs8._.js:776
[  283415ms] [LOG] [Fast Refresh] done in 24ms @ http://localhost:3000/_next/static/chunks/node_modules_next_dist_1e8vcs8._.js:776
[  283453ms] [LOG] [Fast Refresh] done in 24ms @ http://localhost:3000/_next/static/chunks/node_modules_next_dist_1e8vcs8._.js:776
[  283491ms] [LOG] [Fast Refresh] done in 24ms @ http://localhost:3000/_next/static/chunks/node_modules_next_dist_1e8vcs8._.js:776
[  283529ms] [LOG] [Fast Refresh] done in 24ms @ http://localhost:3000/_next/static/chunks/node_modules_next_dist_1e8vcs8._.js:776
[  283566ms] [LOG] [Fast Refresh] done in 24ms @ http://localhost:3000/_next/static/chunks/node_modules_next_dist_1e8vcs8._.js:776
[  283604ms] [LOG] [Fast Refresh] done in 24ms @ http://localhost:3000/_next/static/chunks/node_modules_next_dist_1e8vcs8._.js:776
[  283641ms] [LOG] [Fast Refresh] done in 24ms @ http://localhost:3000/_next/static/chunks/node_modules_next_dist_1e8vcs8._.js:776
[  283678ms] [LOG] [Fast Refresh] done in 24ms @ http://localhost:3000/_next/static/chunks/node_modules_next_dist_1e8vcs8._.js:776
[  283715ms] [LOG] [Fast Refresh] done in 24ms @ http://localhost:3000/_next/static/chunks/node_modules_next_dist_1e8vcs8._.js:776
[  283751ms] [LOG] [Fast Refresh] done in 24ms @ http://localhost:3000/_next/static/chunks/node_modules_next_dist_1e8vcs8._.js:776
[  283789ms] [LOG] [Fast Refresh] done in 24ms @ http://localhost:3000/_next/static/chunks/node_modules_next_dist_1e8vcs8._.js:776
[  283827ms] [LOG] [Fast Refresh] done in 24ms @ http://localhost:3000/_next/static/chunks/node_modules_next_dist_1e8vcs8._.js:776
[  283863ms] [LOG] [Fast Refresh] done in 24ms @ http://localhost:3000/_next/static/chunks/node_modules_next_dist_1e8vcs8._.js:776
[  283899ms] [LOG] [Fast Refresh] done in 24ms @ http://localhost:3000/_next/static/chunks/node_modules_next_dist_1e8vcs8._.js:776
[  283938ms] [LOG] [Fast Refresh] done in 24ms @ http://localhost:3000/_next/static/chunks/node_modules_next_dist_1e8vcs8._.js:776
[  283976ms] [LOG] [Fast Refresh] done in 24ms @ http://localhost:3000/_next/static/chunks/node_modules_next_dist_1e8vcs8._.js:776
[  284015ms] [LOG] [Fast Refresh] done in 24ms @ http://localhost:3000/_next/static/chunks/node_modules_next_dist_1e8vcs8._.js:776
[  284052ms] [LOG] [Fast Refresh] done in 24ms @ http://localhost:3000/_next/static/chunks/node_modules_next_dist_1e8vcs8._.js:776
[  284089ms] [LOG] [Fast Refresh] done in 24ms @ http://localhost:3000/_next/static/chunks/node_modules_next_dist_1e8vcs8._.js:776
[  284127ms] [LOG] [Fast Refresh] done in 24ms @ http://localhost:3000/_next/static/chunks/node_modules_next_dist_1e8vcs8._.js:776
[  284164ms] [LOG] [Fast Refresh] done in 24ms @ http://localhost:3000/_next/static/chunks/node_modules_next_dist_1e8vcs8._.js:776
[  284202ms] [LOG] [Fast Refresh] done in 24ms @ http://localhost:3000/_next/static/chunks/node_modules_next_dist_1e8vcs8._.js:776
[  284245ms] [LOG] [Fast Refresh] done in 24ms @ http://localhost:3000/_next/static/chunks/node_modules_next_dist_1e8vcs8._.js:776
[  284288ms] [LOG] [Fast Refresh] done in 24ms @ http://localhost:3000/_next/static/chunks/node_modules_next_dist_1e8vcs8._.js:776
[  284331ms] [LOG] [Fast Refresh] done in 24ms @ http://localhost:3000/_next/static/chunks/node_modules_next_dist_1e8vcs8._.js:776
[  284368ms] [LOG] [Fast Refresh] done in 24ms @ http://localhost:3000/_next/static/chunks/node_modules_next_dist_1e8vcs8._.js:776
[  284408ms] [LOG] [Fast Refresh] done in 24ms @ http://localhost:3000/_next/static/chunks/node_modules_next_dist_1e8vcs8._.js:776
[  284444ms] [LOG] [Fast Refresh] done in 24ms @ http://localhost:3000/_next/static/chunks/node_modules_next_dist_1e8vcs8._.js:776
[  284482ms] [LOG] [Fast Refresh] done in 24ms @ http://localhost:3000/_next/static/chunks/node_modules_next_dist_1e8vcs8._.js:776
[  284518ms] [LOG] [Fast Refresh] done in 24ms @ http://localhost:3000/_next/static/chunks/node_modules_next_dist_1e8vcs8._.js:776
[  284555ms] [LOG] [Fast Refresh] done in 24ms @ http://localhost:3000/_next/static/chunks/node_modules_next_dist_1e8vcs8._.js:776
[  284594ms] [LOG] [Fast Refresh] done in 24ms @ http://localhost:3000/_next/static/chunks/node_modules_next_dist_1e8vcs8._.js:776
[  284634ms] [LOG] [Fast Refresh] done in 24ms @ http://localhost:3000/_next/static/chunks/node_modules_next_dist_1e8vcs8._.js:776
[  284670ms] [LOG] [Fast Refresh] done in 24ms @ http://localhost:3000/_next/static/chunks/node_modules_next_dist_1e8vcs8._.js:776
[  284706ms] [LOG] [Fast Refresh] done in 24ms @ http://localhost:3000/_next/static/chunks/node_modules_next_dist_1e8vcs8._.js:776
[  284744ms] [LOG] [Fast Refresh] done in 24ms @ http://localhost:3000/_next/static/chunks/node_modules_next_dist_1e8vcs8._.js:776
[  284781ms] [LOG] [Fast Refresh] done in 24ms @ http://localhost:3000/_next/static/chunks/node_modules_next_dist_1e8vcs8._.js:776
[  284820ms] [LOG] [Fast Refresh] done in 24ms @ http://localhost:3000/_next/static/chunks/node_modules_next_dist_1e8vcs8._.js:776
[  284859ms] [LOG] [Fast Refresh] done in 24ms @ http://localhost:3000/_next/static/chunks/node_modules_next_dist_1e8vcs8._.js:776
[  284898ms] [LOG] [Fast Refresh] done in 24ms @ http://localhost:3000/_next/static/chunks/node_modules_next_dist_1e8vcs8._.js:776
[  284937ms] [LOG] [Fast Refresh] done in 24ms @ http://localhost:3000/_next/static/chunks/node_modules_next_dist_1e8vcs8._.js:776
[  284974ms] [LOG] [Fast Refresh] done in 24ms @ http://localhost:3000/_next/static/chunks/node_modules_next_dist_1e8vcs8._.js:776
[  285011ms] [LOG] [Fast Refresh] done in 24ms @ http://localhost:3000/_next/static/chunks/node_modules_next_dist_1e8vcs8._.js:776
[  285049ms] [LOG] [Fast Refresh] done in 24ms @ http://localhost:3000/_next/static/chunks/node_modules_next_dist_1e8vcs8._.js:776
[  285088ms] [LOG] [Fast Refresh] done in 24ms @ http://localhost:3000/_next/static/chunks/node_modules_next_dist_1e8vcs8._.js:776
[  285127ms] [LOG] [Fast Refresh] done in 24ms @ http://localhost:3000/_next/static/chunks/node_modules_next_dist_1e8vcs8._.js:776
[  285165ms] [LOG] [Fast Refresh] done in 24ms @ http://localhost:3000/_next/static/chunks/node_modules_next_dist_1e8vcs8._.js:776
[  285203ms] [LOG] [Fast Refresh] done in 24ms @ http://localhost:3000/_next/static/chunks/node_modules_next_dist_1e8vcs8._.js:776
[  285241ms] [LOG] [Fast Refresh] done in 24ms @ http://localhost:3000/_next/static/chunks/node_modules_next_dist_1e8vcs8._.js:776
[  285280ms] [LOG] [Fast Refresh] done in 24ms @ http://localhost:3000/_next/static/chunks/node_modules_next_dist_1e8vcs8._.js:776
[  285319ms] [LOG] [Fast Refresh] done in 24ms @ http://localhost:3000/_next/static/chunks/node_modules_next_dist_1e8vcs8._.js:776
[  285355ms] [LOG] [Fast Refresh] done in 24ms @ http://localhost:3000/_next/static/chunks/node_modules_next_dist_1e8vcs8._.js:776
[  285393ms] [LOG] [Fast Refresh] done in 24ms @ http://localhost:3000/_next/static/chunks/node_modules_next_dist_1e8vcs8._.js:776
[  285430ms] [LOG] [Fast Refresh] done in 24ms @ http://localhost:3000/_next/static/chunks/node_modules_next_dist_1e8vcs8._.js:776
[  285468ms] [LOG] [Fast Refresh] done in 24ms @ http://localhost:3000/_next/static/chunks/node_modules_next_dist_1e8vcs8._.js:776
[  285506ms] [LOG] [Fast Refresh] done in 24ms @ http://localhost:3000/_next/static/chunks/node_modules_next_dist_1e8vcs8._.js:776
[  285545ms] [LOG] [Fast Refresh] done in 24ms @ http://localhost:3000/_next/static/chunks/node_modules_next_dist_1e8vcs8._.js:776
[  285583ms] [LOG] [Fast Refresh] done in 24ms @ http://localhost:3000/_next/static/chunks/node_modules_next_dist_1e8vcs8._.js:776
[  285621ms] [LOG] [Fast Refresh] done in 24ms @ http://localhost:3000/_next/static/chunks/node_modules_next_dist_1e8vcs8._.js:776
[  285659ms] [LOG] [Fast Refresh] done in 24ms @ http://localhost:3000/_next/static/chunks/node_modules_next_dist_1e8vcs8._.js:776
[  285694ms] [LOG] [Fast Refresh] done in 24ms @ http://localhost:3000/_next/static/chunks/node_modules_next_dist_1e8vcs8._.js:776
[  285732ms] [LOG] [Fast Refresh] done in 24ms @ http://localhost:3000/_next/static/chunks/node_modules_next_dist_1e8vcs8._.js:776
[  285769ms] [LOG] [Fast Refresh] done in 24ms @ http://localhost:3000/_next/static/chunks/node_modules_next_dist_1e8vcs8._.js:776
[  285807ms] [LOG] [Fast Refresh] done in 24ms @ http://localhost:3000/_next/static/chunks/node_modules_next_dist_1e8vcs8._.js:776
[  285845ms] [LOG] [Fast Refresh] done in 24ms @ http://localhost:3000/_next/static/chunks/node_modules_next_dist_1e8vcs8._.js:776
[  285882ms] [LOG] [Fast Refresh] done in 24ms @ http://localhost:3000/_next/static/chunks/node_modules_next_dist_1e8vcs8._.js:776
[  285920ms] [LOG] [Fast Refresh] done in 24ms @ http://localhost:3000/_next/static/chunks/node_modules_next_dist_1e8vcs8._.js:776
[  285959ms] [LOG] [Fast Refresh] done in 24ms @ http://localhost:3000/_next/static/chunks/node_modules_next_dist_1e8vcs8._.js:776
[  285997ms] [LOG] [Fast Refresh] done in 24ms @ http://localhost:3000/_next/static/chunks/node_modules_next_dist_1e8vcs8._.js:776
[  286036ms] [LOG] [Fast Refresh] done in 24ms @ http://localhost:3000/_next/static/chunks/node_modules_next_dist_1e8vcs8._.js:776
[  286072ms] [LOG] [Fast Refresh] done in 24ms @ http://localhost:3000/_next/static/chunks/node_modules_next_dist_1e8vcs8._.js:776
[  286109ms] [LOG] [Fast Refresh] done in 24ms @ http://localhost:3000/_next/static/chunks/node_modules_next_dist_1e8vcs8._.js:776
[  286149ms] [LOG] [Fast Refresh] done in 24ms @ http://localhost:3000/_next/static/chunks/node_modules_next_dist_1e8vcs8._.js:776
[  286186ms] [LOG] [Fast Refresh] done in 24ms @ http://localhost:3000/_next/static/chunks/node_modules_next_dist_1e8vcs8._.js:776
[  286225ms] [LOG] [Fast Refresh] done in 24ms @ http://localhost:3000/_next/static/chunks/node_modules_next_dist_1e8vcs8._.js:776
[  286265ms] [LOG] [Fast Refresh] done in 24ms @ http://localhost:3000/_next/static/chunks/node_modules_next_dist_1e8vcs8._.js:776
[  286303ms] [LOG] [Fast Refresh] done in 24ms @ http://localhost:3000/_next/static/chunks/node_modules_next_dist_1e8vcs8._.js:776
[  286342ms] [LOG] [Fast Refresh] done in 24ms @ http://localhost:3000/_next/static/chunks/node_modules_next_dist_1e8vcs8._.js:776
[  286380ms] [LOG] [Fast Refresh] done in 24ms @ http://localhost:3000/_next/static/chunks/node_modules_next_dist_1e8vcs8._.js:776
[  286419ms] [LOG] [Fast Refresh] done in 24ms @ http://localhost:3000/_next/static/chunks/node_modules_next_dist_1e8vcs8._.js:776
[  286457ms] [LOG] [Fast Refresh] done in 24ms @ http://localhost:3000/_next/static/chunks/node_modules_next_dist_1e8vcs8._.js:776
[  286493ms] [LOG] [Fast Refresh] done in 24ms @ http://localhost:3000/_next/static/chunks/node_modules_next_dist_1e8vcs8._.js:776
[  286530ms] [LOG] [Fast Refresh] done in 24ms @ http://localhost:3000/_next/static/chunks/node_modules_next_dist_1e8vcs8._.js:776
[  286568ms] [LOG] [Fast Refresh] done in 24ms @ http://localhost:3000/_next/static/chunks/node_modules_next_dist_1e8vcs8._.js:776
[  286605ms] [LOG] [Fast Refresh] done in 24ms @ http://localhost:3000/_next/static/chunks/node_modules_next_dist_1e8vcs8._.js:776
[  286646ms] [LOG] [Fast Refresh] done in 24ms @ http://localhost:3000/_next/static/chunks/node_modules_next_dist_1e8vcs8._.js:776
[  286684ms] [LOG] [Fast Refresh] done in 24ms @ http://localhost:3000/_next/static/chunks/node_modules_next_dist_1e8vcs8._.js:776
[  286725ms] [LOG] [Fast Refresh] done in 24ms @ http://localhost:3000/_next/static/chunks/node_modules_next_dist_1e8vcs8._.js:776
[  286764ms] [LOG] [Fast Refresh] done in 24ms @ http://localhost:3000/_next/static/chunks/node_modules_next_dist_1e8vcs8._.js:776
[  286803ms] [LOG] [Fast Refresh] done in 24ms @ http://localhost:3000/_next/static/chunks/node_modules_next_dist_1e8vcs8._.js:776
[  286841ms] [LOG] [Fast Refresh] done in 24ms @ http://localhost:3000/_next/static/chunks/node_modules_next_dist_1e8vcs8._.js:776
[  286880ms] [LOG] [Fast Refresh] done in 24ms @ http://localhost:3000/_next/static/chunks/node_modules_next_dist_1e8vcs8._.js:776
[  286921ms] [LOG] [Fast Refresh] done in 24ms @ http://localhost:3000/_next/static/chunks/node_modules_next_dist_1e8vcs8._.js:776
[  286958ms] [LOG] [Fast Refresh] done in 24ms @ http://localhost:3000/_next/static/chunks/node_modules_next_dist_1e8vcs8._.js:776
[  286996ms] [LOG] [Fast Refresh] done in 24ms @ http://localhost:3000/_next/static/chunks/node_modules_next_dist_1e8vcs8._.js:776
[  287042ms] [LOG] [Fast Refresh] done in 24ms @ http://localhost:3000/_next/static/chunks/node_modules_next_dist_1e8vcs8._.js:776
[  287083ms] [LOG] [Fast Refresh] done in 24ms @ http://localhost:3000/_next/static/chunks/node_modules_next_dist_1e8vcs8._.js:776
[  291520ms] [LOG] [Fast Refresh] rebuilding @ http://localhost:3000/_next/static/chunks/node_modules_next_dist_1e8vcs8._.js:776
[  291592ms] [LOG] [Fast Refresh] done in 44ms @ http://localhost:3000/_next/static/chunks/node_modules_next_dist_1e8vcs8._.js:776
[  291634ms] [LOG] [Fast Refresh] done in 44ms @ http://localhost:3000/_next/static/chunks/node_modules_next_dist_1e8vcs8._.js:776
[  291675ms] [LOG] [Fast Refresh] done in 44ms @ http://localhost:3000/_next/static/chunks/node_modules_next_dist_1e8vcs8._.js:776
[  291714ms] [LOG] [Fast Refresh] done in 44ms @ http://localhost:3000/_next/static/chunks/node_modules_next_dist_1e8vcs8._.js:776
[  291768ms] [LOG] [Fast Refresh] done in 44ms @ http://localhost:3000/_next/static/chunks/node_modules_next_dist_1e8vcs8._.js:776
[  291807ms] [LOG] [Fast Refresh] done in 44ms @ http://localhost:3000/_next/static/chunks/node_modules_next_dist_1e8vcs8._.js:776
[  291846ms] [LOG] [Fast Refresh] done in 44ms @ http://localhost:3000/_next/static/chunks/node_modules_next_dist_1e8vcs8._.js:776
[  291883ms] [LOG] [Fast Refresh] done in 44ms @ http://localhost:3000/_next/static/chunks/node_modules_next_dist_1e8vcs8._.js:776
[  291921ms] [LOG] [Fast Refresh] done in 44ms @ http://localhost:3000/_next/static/chunks/node_modules_next_dist_1e8vcs8._.js:776
[  291959ms] [LOG] [Fast Refresh] done in 44ms @ http://localhost:3000/_next/static/chunks/node_modules_next_dist_1e8vcs8._.js:776
[  291996ms] [LOG] [Fast Refresh] done in 44ms @ http://localhost:3000/_next/static/chunks/node_modules_next_dist_1e8vcs8._.js:776
[  292036ms] [LOG] [Fast Refresh] done in 44ms @ http://localhost:3000/_next/static/chunks/node_modules_next_dist_1e8vcs8._.js:776
[  292075ms] [LOG] [Fast Refresh] done in 44ms @ http://localhost:3000/_next/static/chunks/node_modules_next_dist_1e8vcs8._.js:776
[  292112ms] [LOG] [Fast Refresh] done in 44ms @ http://localhost:3000/_next/static/chunks/node_modules_next_dist_1e8vcs8._.js:776
[  292151ms] [LOG] [Fast Refresh] done in 44ms @ http://localhost:3000/_next/static/chunks/node_modules_next_dist_1e8vcs8._.js:776
[  292188ms] [LOG] [Fast Refresh] done in 44ms @ http://localhost:3000/_next/static/chunks/node_modules_next_dist_1e8vcs8._.js:776
[  292224ms] [LOG] [Fast Refresh] done in 44ms @ http://localhost:3000/_next/static/chunks/node_modules_next_dist_1e8vcs8._.js:776
[  292263ms] [LOG] [Fast Refresh] done in 44ms @ http://localhost:3000/_next/static/chunks/node_modules_next_dist_1e8vcs8._.js:776
[  292299ms] [LOG] [Fast Refresh] done in 44ms @ http://localhost:3000/_next/static/chunks/node_modules_next_dist_1e8vcs8._.js:776
[  292338ms] [LOG] [Fast Refresh] done in 44ms @ http://localhost:3000/_next/static/chunks/node_modules_next_dist_1e8vcs8._.js:776
[  292374ms] [LOG] [Fast Refresh] done in 44ms @ http://localhost:3000/_next/static/chunks/node_modules_next_dist_1e8vcs8._.js:776
[  292411ms] [LOG] [Fast Refresh] done in 44ms @ http://localhost:3000/_next/static/chunks/node_modules_next_dist_1e8vcs8._.js:776
[  292448ms] [LOG] [Fast Refresh] done in 44ms @ http://localhost:3000/_next/static/chunks/node_modules_next_dist_1e8vcs8._.js:776
[  292486ms] [LOG] [Fast Refresh] done in 44ms @ http://localhost:3000/_next/static/chunks/node_modules_next_dist_1e8vcs8._.js:776
[  292523ms] [LOG] [Fast Refresh] done in 44ms @ http://localhost:3000/_next/static/chunks/node_modules_next_dist_1e8vcs8._.js:776
[  292562ms] [LOG] [Fast Refresh] done in 44ms @ http://localhost:3000/_next/static/chunks/node_modules_next_dist_1e8vcs8._.js:776
[  292601ms] [LOG] [Fast Refresh] done in 44ms @ http://localhost:3000/_next/static/chunks/node_modules_next_dist_1e8vcs8._.js:776
[  292638ms] [LOG] [Fast Refresh] done in 44ms @ http://localhost:3000/_next/static/chunks/node_modules_next_dist_1e8vcs8._.js:776
[  292676ms] [LOG] [Fast Refresh] done in 44ms @ http://localhost:3000/_next/static/chunks/node_modules_next_dist_1e8vcs8._.js:776
[  292712ms] [LOG] [Fast Refresh] done in 44ms @ http://localhost:3000/_next/static/chunks/node_modules_next_dist_1e8vcs8._.js:776
[  292766ms] [LOG] [Fast Refresh] done in 44ms @ http://localhost:3000/_next/static/chunks/node_modules_next_dist_1e8vcs8._.js:776
[  292804ms] [LOG] [Fast Refresh] done in 44ms @ http://localhost:3000/_next/static/chunks/node_modules_next_dist_1e8vcs8._.js:776
[  292843ms] [LOG] [Fast Refresh] done in 44ms @ http://localhost:3000/_next/static/chunks/node_modules_next_dist_1e8vcs8._.js:776
[  292879ms] [LOG] [Fast Refresh] done in 44ms @ http://localhost:3000/_next/static/chunks/node_modules_next_dist_1e8vcs8._.js:776
[  292917ms] [LOG] [Fast Refresh] done in 44ms @ http://localhost:3000/_next/static/chunks/node_modules_next_dist_1e8vcs8._.js:776
[  292954ms] [LOG] [Fast Refresh] done in 44ms @ http://localhost:3000/_next/static/chunks/node_modules_next_dist_1e8vcs8._.js:776
[  292991ms] [LOG] [Fast Refresh] done in 44ms @ http://localhost:3000/_next/static/chunks/node_modules_next_dist_1e8vcs8._.js:776
[  293027ms] [LOG] [Fast Refresh] done in 44ms @ http://localhost:3000/_next/static/chunks/node_modules_next_dist_1e8vcs8._.js:776
[  293064ms] [LOG] [Fast Refresh] done in 44ms @ http://localhost:3000/_next/static/chunks/node_modules_next_dist_1e8vcs8._.js:776
[  293103ms] [LOG] [Fast Refresh] done in 44ms @ http://localhost:3000/_next/static/chunks/node_modules_next_dist_1e8vcs8._.js:776
[  293138ms] [LOG] [Fast Refresh] done in 44ms @ http://localhost:3000/_next/static/chunks/node_modules_next_dist_1e8vcs8._.js:776
[  293176ms] [LOG] [Fast Refresh] done in 44ms @ http://localhost:3000/_next/static/chunks/node_modules_next_dist_1e8vcs8._.js:776
[  293213ms] [LOG] [Fast Refresh] done in 44ms @ http://localhost:3000/_next/static/chunks/node_modules_next_dist_1e8vcs8._.js:776
[  293253ms] [LOG] [Fast Refresh] done in 44ms @ http://localhost:3000/_next/static/chunks/node_modules_next_dist_1e8vcs8._.js:776
[  293291ms] [LOG] [Fast Refresh] done in 44ms @ http://localhost:3000/_next/static/chunks/node_modules_next_dist_1e8vcs8._.js:776
[  293329ms] [LOG] [Fast Refresh] done in 44ms @ http://localhost:3000/_next/static/chunks/node_modules_next_dist_1e8vcs8._.js:776
[  293386ms] [LOG] [Fast Refresh] done in 44ms @ http://localhost:3000/_next/static/chunks/node_modules_next_dist_1e8vcs8._.js:776
[  293424ms] [LOG] [Fast Refresh] done in 44ms @ http://localhost:3000/_next/static/chunks/node_modules_next_dist_1e8vcs8._.js:776
[  293463ms] [LOG] [Fast Refresh] done in 44ms @ http://localhost:3000/_next/static/chunks/node_modules_next_dist_1e8vcs8._.js:776
[  293501ms] [LOG] [Fast Refresh] done in 44ms @ http://localhost:3000/_next/static/chunks/node_modules_next_dist_1e8vcs8._.js:776
[  293539ms] [LOG] [Fast Refresh] done in 44ms @ http://localhost:3000/_next/static/chunks/node_modules_next_dist_1e8vcs8._.js:776
[  293576ms] [LOG] [Fast Refresh] done in 44ms @ http://localhost:3000/_next/static/chunks/node_modules_next_dist_1e8vcs8._.js:776
[  293615ms] [LOG] [Fast Refresh] done in 44ms @ http://localhost:3000/_next/static/chunks/node_modules_next_dist_1e8vcs8._.js:776
[  293654ms] [LOG] [Fast Refresh] done in 44ms @ http://localhost:3000/_next/static/chunks/node_modules_next_dist_1e8vcs8._.js:776
[  293693ms] [LOG] [Fast Refresh] done in 44ms @ http://localhost:3000/_next/static/chunks/node_modules_next_dist_1e8vcs8._.js:776
[  293731ms] [LOG] [Fast Refresh] done in 44ms @ http://localhost:3000/_next/static/chunks/node_modules_next_dist_1e8vcs8._.js:776
[  293769ms] [LOG] [Fast Refresh] done in 44ms @ http://localhost:3000/_next/static/chunks/node_modules_next_dist_1e8vcs8._.js:776
[  293807ms] [LOG] [Fast Refresh] done in 44ms @ http://localhost:3000/_next/static/chunks/node_modules_next_dist_1e8vcs8._.js:776
[  293844ms] [LOG] [Fast Refresh] done in 44ms @ http://localhost:3000/_next/static/chunks/node_modules_next_dist_1e8vcs8._.js:776
[  293883ms] [LOG] [Fast Refresh] done in 44ms @ http://localhost:3000/_next/static/chunks/node_modules_next_dist_1e8vcs8._.js:776
[  293919ms] [LOG] [Fast Refresh] done in 44ms @ http://localhost:3000/_next/static/chunks/node_modules_next_dist_1e8vcs8._.js:776
[  293958ms] [LOG] [Fast Refresh] done in 44ms @ http://localhost:3000/_next/static/chunks/node_modules_next_dist_1e8vcs8._.js:776
[  293994ms] [LOG] [Fast Refresh] done in 44ms @ http://localhost:3000/_next/static/chunks/node_modules_next_dist_1e8vcs8._.js:776
[  294032ms] [LOG] [Fast Refresh] done in 44ms @ http://localhost:3000/_next/static/chunks/node_modules_next_dist_1e8vcs8._.js:776
[  294069ms] [LOG] [Fast Refresh] done in 44ms @ http://localhost:3000/_next/static/chunks/node_modules_next_dist_1e8vcs8._.js:776
[  294110ms] [LOG] [Fast Refresh] done in 44ms @ http://localhost:3000/_next/static/chunks/node_modules_next_dist_1e8vcs8._.js:776
[  294148ms] [LOG] [Fast Refresh] done in 44ms @ http://localhost:3000/_next/static/chunks/node_modules_next_dist_1e8vcs8._.js:776
[  294184ms] [LOG] [Fast Refresh] done in 44ms @ http://localhost:3000/_next/static/chunks/node_modules_next_dist_1e8vcs8._.js:776
[  294222ms] [LOG] [Fast Refresh] done in 44ms @ http://localhost:3000/_next/static/chunks/node_modules_next_dist_1e8vcs8._.js:776
[  294260ms] [LOG] [Fast Refresh] done in 44ms @ http://localhost:3000/_next/static/chunks/node_modules_next_dist_1e8vcs8._.js:776
[  294297ms] [LOG] [Fast Refresh] done in 44ms @ http://localhost:3000/_next/static/chunks/node_modules_next_dist_1e8vcs8._.js:776
[  294333ms] [LOG] [Fast Refresh] done in 44ms @ http://localhost:3000/_next/static/chunks/node_modules_next_dist_1e8vcs8._.js:776
[  294369ms] [LOG] [Fast Refresh] done in 44ms @ http://localhost:3000/_next/static/chunks/node_modules_next_dist_1e8vcs8._.js:776
[  294408ms] [LOG] [Fast Refresh] done in 44ms @ http://localhost:3000/_next/static/chunks/node_modules_next_dist_1e8vcs8._.js:776
[  294444ms] [LOG] [Fast Refresh] done in 44ms @ http://localhost:3000/_next/static/chunks/node_modules_next_dist_1e8vcs8._.js:776
[  294482ms] [LOG] [Fast Refresh] done in 44ms @ http://localhost:3000/_next/static/chunks/node_modules_next_dist_1e8vcs8._.js:776
[  294520ms] [LOG] [Fast Refresh] done in 44ms @ http://localhost:3000/_next/static/chunks/node_modules_next_dist_1e8vcs8._.js:776
[  294557ms] [LOG] [Fast Refresh] done in 44ms @ http://localhost:3000/_next/static/chunks/node_modules_next_dist_1e8vcs8._.js:776
[  294594ms] [LOG] [Fast Refresh] done in 44ms @ http://localhost:3000/_next/static/chunks/node_modules_next_dist_1e8vcs8._.js:776
[  294631ms] [LOG] [Fast Refresh] done in 44ms @ http://localhost:3000/_next/static/chunks/node_modules_next_dist_1e8vcs8._.js:776
[  294669ms] [LOG] [Fast Refresh] done in 44ms @ http://localhost:3000/_next/static/chunks/node_modules_next_dist_1e8vcs8._.js:776
[  294706ms] [LOG] [Fast Refresh] done in 44ms @ http://localhost:3000/_next/static/chunks/node_modules_next_dist_1e8vcs8._.js:776
[  294742ms] [LOG] [Fast Refresh] done in 44ms @ http://localhost:3000/_next/static/chunks/node_modules_next_dist_1e8vcs8._.js:776
[  294779ms] [LOG] [Fast Refresh] done in 44ms @ http://localhost:3000/_next/static/chunks/node_modules_next_dist_1e8vcs8._.js:776
[  294817ms] [LOG] [Fast Refresh] done in 44ms @ http://localhost:3000/_next/static/chunks/node_modules_next_dist_1e8vcs8._.js:776
[  294856ms] [LOG] [Fast Refresh] done in 44ms @ http://localhost:3000/_next/static/chunks/node_modules_next_dist_1e8vcs8._.js:776
[  294895ms] [LOG] [Fast Refresh] done in 44ms @ http://localhost:3000/_next/static/chunks/node_modules_next_dist_1e8vcs8._.js:776
[  294935ms] [LOG] [Fast Refresh] done in 44ms @ http://localhost:3000/_next/static/chunks/node_modules_next_dist_1e8vcs8._.js:776
[  294974ms] [LOG] [Fast Refresh] done in 44ms @ http://localhost:3000/_next/static/chunks/node_modules_next_dist_1e8vcs8._.js:776
[  295014ms] [LOG] [Fast Refresh] done in 44ms @ http://localhost:3000/_next/static/chunks/node_modules_next_dist_1e8vcs8._.js:776
[  295052ms] [LOG] [Fast Refresh] done in 44ms @ http://localhost:3000/_next/static/chunks/node_modules_next_dist_1e8vcs8._.js:776
[  295089ms] [LOG] [Fast Refresh] done in 44ms @ http://localhost:3000/_next/static/chunks/node_modules_next_dist_1e8vcs8._.js:776
[  295128ms] [LOG] [Fast Refresh] done in 44ms @ http://localhost:3000/_next/static/chunks/node_modules_next_dist_1e8vcs8._.js:776
[  295167ms] [LOG] [Fast Refresh] done in 44ms @ http://localhost:3000/_next/static/chunks/node_modules_next_dist_1e8vcs8._.js:776
[  295207ms] [LOG] [Fast Refresh] done in 44ms @ http://localhost:3000/_next/static/chunks/node_modules_next_dist_1e8vcs8._.js:776
[  295253ms] [LOG] [Fast Refresh] done in 44ms @ http://localhost:3000/_next/static/chunks/node_modules_next_dist_1e8vcs8._.js:776
[  295297ms] [LOG] [Fast Refresh] done in 44ms @ http://localhost:3000/_next/static/chunks/node_modules_next_dist_1e8vcs8._.js:776
[  295335ms] [LOG] [Fast Refresh] done in 44ms @ http://localhost:3000/_next/static/chunks/node_modules_next_dist_1e8vcs8._.js:776
[  295373ms] [LOG] [Fast Refresh] done in 44ms @ http://localhost:3000/_next/static/chunks/node_modules_next_dist_1e8vcs8._.js:776
[  295411ms] [LOG] [Fast Refresh] done in 44ms @ http://localhost:3000/_next/static/chunks/node_modules_next_dist_1e8vcs8._.js:776
[  295448ms] [LOG] [Fast Refresh] done in 44ms @ http://localhost:3000/_next/static/chunks/node_modules_next_dist_1e8vcs8._.js:776
[  295487ms] [LOG] [Fast Refresh] done in 44ms @ http://localhost:3000/_next/static/chunks/node_modules_next_dist_1e8vcs8._.js:776
[  295524ms] [LOG] [Fast Refresh] done in 44ms @ http://localhost:3000/_next/static/chunks/node_modules_next_dist_1e8vcs8._.js:776
[  295563ms] [LOG] [Fast Refresh] done in 44ms @ http://localhost:3000/_next/static/chunks/node_modules_next_dist_1e8vcs8._.js:776
[  295599ms] [LOG] [Fast Refresh] done in 44ms @ http://localhost:3000/_next/static/chunks/node_modules_next_dist_1e8vcs8._.js:776
[  295640ms] [LOG] [Fast Refresh] done in 44ms @ http://localhost:3000/_next/static/chunks/node_modules_next_dist_1e8vcs8._.js:776
[  295679ms] [LOG] [Fast Refresh] done in 44ms @ http://localhost:3000/_next/static/chunks/node_modules_next_dist_1e8vcs8._.js:776
[  295718ms] [LOG] [Fast Refresh] done in 44ms @ http://localhost:3000/_next/static/chunks/node_modules_next_dist_1e8vcs8._.js:776
[  295756ms] [LOG] [Fast Refresh] done in 44ms @ http://localhost:3000/_next/static/chunks/node_modules_next_dist_1e8vcs8._.js:776
[  295796ms] [LOG] [Fast Refresh] done in 44ms @ http://localhost:3000/_next/static/chunks/node_modules_next_dist_1e8vcs8._.js:776
[  295834ms] [LOG] [Fast Refresh] done in 44ms @ http://localhost:3000/_next/static/chunks/node_modules_next_dist_1e8vcs8._.js:776
[  295875ms] [LOG] [Fast Refresh] done in 44ms @ http://localhost:3000/_next/static/chunks/node_modules_next_dist_1e8vcs8._.js:776
[  295914ms] [LOG] [Fast Refresh] done in 44ms @ http://localhost:3000/_next/static/chunks/node_modules_next_dist_1e8vcs8._.js:776
[  295953ms] [LOG] [Fast Refresh] done in 44ms @ http://localhost:3000/_next/static/chunks/node_modules_next_dist_1e8vcs8._.js:776
[  295992ms] [LOG] [Fast Refresh] done in 44ms @ http://localhost:3000/_next/static/chunks/node_modules_next_dist_1e8vcs8._.js:776
[  296030ms] [LOG] [Fast Refresh] done in 44ms @ http://localhost:3000/_next/static/chunks/node_modules_next_dist_1e8vcs8._.js:776
[  296067ms] [LOG] [Fast Refresh] done in 44ms @ http://localhost:3000/_next/static/chunks/node_modules_next_dist_1e8vcs8._.js:776
[  296104ms] [LOG] [Fast Refresh] done in 44ms @ http://localhost:3000/_next/static/chunks/node_modules_next_dist_1e8vcs8._.js:776
[  296143ms] [LOG] [Fast Refresh] done in 44ms @ http://localhost:3000/_next/static/chunks/node_modules_next_dist_1e8vcs8._.js:776
[  296183ms] [LOG] [Fast Refresh] done in 44ms @ http://localhost:3000/_next/static/chunks/node_modules_next_dist_1e8vcs8._.js:776
[  296218ms] [LOG] [Fast Refresh] done in 44ms @ http://localhost:3000/_next/static/chunks/node_modules_next_dist_1e8vcs8._.js:776
[  296255ms] [LOG] [Fast Refresh] done in 44ms @ http://localhost:3000/_next/static/chunks/node_modules_next_dist_1e8vcs8._.js:776
[  296293ms] [LOG] [Fast Refresh] done in 44ms @ http://localhost:3000/_next/static/chunks/node_modules_next_dist_1e8vcs8._.js:776
[  296333ms] [LOG] [Fast Refresh] done in 44ms @ http://localhost:3000/_next/static/chunks/node_modules_next_dist_1e8vcs8._.js:776
[  296370ms] [LOG] [Fast Refresh] done in 44ms @ http://localhost:3000/_next/static/chunks/node_modules_next_dist_1e8vcs8._.js:776
[  296412ms] [LOG] [Fast Refresh] done in 44ms @ http://localhost:3000/_next/static/chunks/node_modules_next_dist_1e8vcs8._.js:776
[  296453ms] [LOG] [Fast Refresh] done in 44ms @ http://localhost:3000/_next/static/chunks/node_modules_next_dist_1e8vcs8._.js:776
[  296494ms] [LOG] [Fast Refresh] done in 44ms @ http://localhost:3000/_next/static/chunks/node_modules_next_dist_1e8vcs8._.js:776
[  296532ms] [LOG] [Fast Refresh] done in 44ms @ http://localhost:3000/_next/static/chunks/node_modules_next_dist_1e8vcs8._.js:776
[  296570ms] [LOG] [Fast Refresh] done in 44ms @ http://localhost:3000/_next/static/chunks/node_modules_next_dist_1e8vcs8._.js:776
[  296610ms] [LOG] [Fast Refresh] done in 44ms @ http://localhost:3000/_next/static/chunks/node_modules_next_dist_1e8vcs8._.js:776
[  296649ms] [LOG] [Fast Refresh] done in 44ms @ http://localhost:3000/_next/static/chunks/node_modules_next_dist_1e8vcs8._.js:776
[  296688ms] [LOG] [Fast Refresh] done in 44ms @ http://localhost:3000/_next/static/chunks/node_modules_next_dist_1e8vcs8._.js:776
[  296727ms] [LOG] [Fast Refresh] done in 44ms @ http://localhost:3000/_next/static/chunks/node_modules_next_dist_1e8vcs8._.js:776
[  296764ms] [LOG] [Fast Refresh] done in 44ms @ http://localhost:3000/_next/static/chunks/node_modules_next_dist_1e8vcs8._.js:776
[  296802ms] [LOG] [Fast Refresh] done in 44ms @ http://localhost:3000/_next/static/chunks/node_modules_next_dist_1e8vcs8._.js:776
[  296839ms] [LOG] [Fast Refresh] done in 44ms @ http://localhost:3000/_next/static/chunks/node_modules_next_dist_1e8vcs8._.js:776
[  296876ms] [LOG] [Fast Refresh] done in 44ms @ http://localhost:3000/_next/static/chunks/node_modules_next_dist_1e8vcs8._.js:776
[  296915ms] [LOG] [Fast Refresh] done in 44ms @ http://localhost:3000/_next/static/chunks/node_modules_next_dist_1e8vcs8._.js:776
[  296953ms] [LOG] [Fast Refresh] done in 44ms @ http://localhost:3000/_next/static/chunks/node_modules_next_dist_1e8vcs8._.js:776
[  296991ms] [LOG] [Fast Refresh] done in 44ms @ http://localhost:3000/_next/static/chunks/node_modules_next_dist_1e8vcs8._.js:776
[  297028ms] [LOG] [Fast Refresh] done in 44ms @ http://localhost:3000/_next/static/chunks/node_modules_next_dist_1e8vcs8._.js:776
[  297065ms] [LOG] [Fast Refresh] done in 44ms @ http://localhost:3000/_next/static/chunks/node_modules_next_dist_1e8vcs8._.js:776
[  297103ms] [LOG] [Fast Refresh] done in 44ms @ http://localhost:3000/_next/static/chunks/node_modules_next_dist_1e8vcs8._.js:776
[  297144ms] [LOG] [Fast Refresh] done in 44ms @ http://localhost:3000/_next/static/chunks/node_modules_next_dist_1e8vcs8._.js:776
[  297186ms] [LOG] [Fast Refresh] done in 44ms @ http://localhost:3000/_next/static/chunks/node_modules_next_dist_1e8vcs8._.js:776
[  297224ms] [LOG] [Fast Refresh] done in 44ms @ http://localhost:3000/_next/static/chunks/node_modules_next_dist_1e8vcs8._.js:776
[  297264ms] [LOG] [Fast Refresh] done in 44ms @ http://localhost:3000/_next/static/chunks/node_modules_next_dist_1e8vcs8._.js:776
[  297303ms] [LOG] [Fast Refresh] done in 44ms @ http://localhost:3000/_next/static/chunks/node_modules_next_dist_1e8vcs8._.js:776
[  297343ms] [LOG] [Fast Refresh] done in 44ms @ http://localhost:3000/_next/static/chunks/node_modules_next_dist_1e8vcs8._.js:776
[  297383ms] [LOG] [Fast Refresh] done in 44ms @ http://localhost:3000/_next/static/chunks/node_modules_next_dist_1e8vcs8._.js:776
[  297421ms] [LOG] [Fast Refresh] done in 44ms @ http://localhost:3000/_next/static/chunks/node_modules_next_dist_1e8vcs8._.js:776
[  297460ms] [LOG] [Fast Refresh] done in 44ms @ http://localhost:3000/_next/static/chunks/node_modules_next_dist_1e8vcs8._.js:776
[  297498ms] [LOG] [Fast Refresh] done in 44ms @ http://localhost:3000/_next/static/chunks/node_modules_next_dist_1e8vcs8._.js:776
[  297535ms] [LOG] [Fast Refresh] done in 44ms @ http://localhost:3000/_next/static/chunks/node_modules_next_dist_1e8vcs8._.js:776
[  297575ms] [LOG] [Fast Refresh] done in 44ms @ http://localhost:3000/_next/static/chunks/node_modules_next_dist_1e8vcs8._.js:776
[  297614ms] [LOG] [Fast Refresh] done in 44ms @ http://localhost:3000/_next/static/chunks/node_modules_next_dist_1e8vcs8._.js:776
[  297654ms] [LOG] [Fast Refresh] done in 44ms @ http://localhost:3000/_next/static/chunks/node_modules_next_dist_1e8vcs8._.js:776
[  297691ms] [LOG] [Fast Refresh] done in 44ms @ http://localhost:3000/_next/static/chunks/node_modules_next_dist_1e8vcs8._.js:776
[  297729ms] [LOG] [Fast Refresh] done in 44ms @ http://localhost:3000/_next/static/chunks/node_modules_next_dist_1e8vcs8._.js:776
[  297766ms] [LOG] [Fast Refresh] done in 44ms @ http://localhost:3000/_next/static/chunks/node_modules_next_dist_1e8vcs8._.js:776
[  297804ms] [LOG] [Fast Refresh] done in 44ms @ http://localhost:3000/_next/static/chunks/node_modules_next_dist_1e8vcs8._.js:776
[  297842ms] [LOG] [Fast Refresh] done in 44ms @ http://localhost:3000/_next/static/chunks/node_modules_next_dist_1e8vcs8._.js:776
[  297879ms] [LOG] [Fast Refresh] done in 44ms @ http://localhost:3000/_next/static/chunks/node_modules_next_dist_1e8vcs8._.js:776
[  297917ms] [LOG] [Fast Refresh] done in 44ms @ http://localhost:3000/_next/static/chunks/node_modules_next_dist_1e8vcs8._.js:776
[  297953ms] [LOG] [Fast Refresh] done in 44ms @ http://localhost:3000/_next/static/chunks/node_modules_next_dist_1e8vcs8._.js:776
[  297992ms] [LOG] [Fast Refresh] done in 44ms @ http://localhost:3000/_next/static/chunks/node_modules_next_dist_1e8vcs8._.js:776
[  298030ms] [LOG] [Fast Refresh] done in 44ms @ http://localhost:3000/_next/static/chunks/node_modules_next_dist_1e8vcs8._.js:776
[  298069ms] [LOG] [Fast Refresh] done in 44ms @ http://localhost:3000/_next/static/chunks/node_modules_next_dist_1e8vcs8._.js:776
[  298108ms] [LOG] [Fast Refresh] done in 44ms @ http://localhost:3000/_next/static/chunks/node_modules_next_dist_1e8vcs8._.js:776
[  298146ms] [LOG] [Fast Refresh] done in 44ms @ http://localhost:3000/_next/static/chunks/node_modules_next_dist_1e8vcs8._.js:776
[  298184ms] [LOG] [Fast Refresh] done in 44ms @ http://localhost:3000/_next/static/chunks/node_modules_next_dist_1e8vcs8._.js:776
[  298222ms] [LOG] [Fast Refresh] done in 44ms @ http://localhost:3000/_next/static/chunks/node_modules_next_dist_1e8vcs8._.js:776
[  298261ms] [LOG] [Fast Refresh] done in 44ms @ http://localhost:3000/_next/static/chunks/node_modules_next_dist_1e8vcs8._.js:776
[  298299ms] [LOG] [Fast Refresh] done in 44ms @ http://localhost:3000/_next/static/chunks/node_modules_next_dist_1e8vcs8._.js:776
[  298338ms] [LOG] [Fast Refresh] done in 44ms @ http://localhost:3000/_next/static/chunks/node_modules_next_dist_1e8vcs8._.js:776
[  298376ms] [LOG] [Fast Refresh] done in 44ms @ http://localhost:3000/_next/static/chunks/node_modules_next_dist_1e8vcs8._.js:776
[  298414ms] [LOG] [Fast Refresh] done in 44ms @ http://localhost:3000/_next/static/chunks/node_modules_next_dist_1e8vcs8._.js:776
[  298453ms] [LOG] [Fast Refresh] done in 44ms @ http://localhost:3000/_next/static/chunks/node_modules_next_dist_1e8vcs8._.js:776
[  298492ms] [LOG] [Fast Refresh] done in 44ms @ http://localhost:3000/_next/static/chunks/node_modules_next_dist_1e8vcs8._.js:776
[  298531ms] [LOG] [Fast Refresh] done in 44ms @ http://localhost:3000/_next/static/chunks/node_modules_next_dist_1e8vcs8._.js:776
[  298569ms] [LOG] [Fast Refresh] done in 44ms @ http://localhost:3000/_next/static/chunks/node_modules_next_dist_1e8vcs8._.js:776
[  298606ms] [LOG] [Fast Refresh] done in 44ms @ http://localhost:3000/_next/static/chunks/node_modules_next_dist_1e8vcs8._.js:776
[  298644ms] [LOG] [Fast Refresh] done in 44ms @ http://localhost:3000/_next/static/chunks/node_modules_next_dist_1e8vcs8._.js:776
[  298681ms] [LOG] [Fast Refresh] done in 44ms @ http://localhost:3000/_next/static/chunks/node_modules_next_dist_1e8vcs8._.js:776
[  298718ms] [LOG] [Fast Refresh] done in 44ms @ http://localhost:3000/_next/static/chunks/node_modules_next_dist_1e8vcs8._.js:776
[  298756ms] [LOG] [Fast Refresh] done in 44ms @ http://localhost:3000/_next/static/chunks/node_modules_next_dist_1e8vcs8._.js:776
[  298795ms] [LOG] [Fast Refresh] done in 44ms @ http://localhost:3000/_next/static/chunks/node_modules_next_dist_1e8vcs8._.js:776
[  298833ms] [LOG] [Fast Refresh] done in 44ms @ http://localhost:3000/_next/static/chunks/node_modules_next_dist_1e8vcs8._.js:776
[  298870ms] [LOG] [Fast Refresh] done in 44ms @ http://localhost:3000/_next/static/chunks/node_modules_next_dist_1e8vcs8._.js:776
[  298909ms] [LOG] [Fast Refresh] done in 44ms @ http://localhost:3000/_next/static/chunks/node_modules_next_dist_1e8vcs8._.js:776
[  298947ms] [LOG] [Fast Refresh] done in 44ms @ http://localhost:3000/_next/static/chunks/node_modules_next_dist_1e8vcs8._.js:776
[  298984ms] [LOG] [Fast Refresh] done in 44ms @ http://localhost:3000/_next/static/chunks/node_modules_next_dist_1e8vcs8._.js:776
[  299021ms] [LOG] [Fast Refresh] done in 44ms @ http://localhost:3000/_next/static/chunks/node_modules_next_dist_1e8vcs8._.js:776
[  299059ms] [LOG] [Fast Refresh] done in 44ms @ http://localhost:3000/_next/static/chunks/node_modules_next_dist_1e8vcs8._.js:776
[  299097ms] [LOG] [Fast Refresh] done in 44ms @ http://localhost:3000/_next/static/chunks/node_modules_next_dist_1e8vcs8._.js:776
[  299135ms] [LOG] [Fast Refresh] done in 44ms @ http://localhost:3000/_next/static/chunks/node_modules_next_dist_1e8vcs8._.js:776
[  299171ms] [LOG] [Fast Refresh] done in 44ms @ http://localhost:3000/_next/static/chunks/node_modules_next_dist_1e8vcs8._.js:776
[  299209ms] [LOG] [Fast Refresh] done in 44ms @ http://localhost:3000/_next/static/chunks/node_modules_next_dist_1e8vcs8._.js:776
[  299248ms] [LOG] [Fast Refresh] done in 44ms @ http://localhost:3000/_next/static/chunks/node_modules_next_dist_1e8vcs8._.js:776
[  299284ms] [LOG] [Fast Refresh] done in 44ms @ http://localhost:3000/_next/static/chunks/node_modules_next_dist_1e8vcs8._.js:776
[  299320ms] [LOG] [Fast Refresh] done in 44ms @ http://localhost:3000/_next/static/chunks/node_modules_next_dist_1e8vcs8._.js:776
[  299357ms] [LOG] [Fast Refresh] done in 44ms @ http://localhost:3000/_next/static/chunks/node_modules_next_dist_1e8vcs8._.js:776
[  299394ms] [LOG] [Fast Refresh] done in 44ms @ http://localhost:3000/_next/static/chunks/node_modules_next_dist_1e8vcs8._.js:776
[  299432ms] [LOG] [Fast Refresh] done in 44ms @ http://localhost:3000/_next/static/chunks/node_modules_next_dist_1e8vcs8._.js:776
[  299468ms] [LOG] [Fast Refresh] done in 44ms @ http://localhost:3000/_next/static/chunks/node_modules_next_dist_1e8vcs8._.js:776
[  299505ms] [LOG] [Fast Refresh] done in 44ms @ http://localhost:3000/_next/static/chunks/node_modules_next_dist_1e8vcs8._.js:776
[  299545ms] [LOG] [Fast Refresh] done in 44ms @ http://localhost:3000/_next/static/chunks/node_modules_next_dist_1e8vcs8._.js:776
[  299582ms] [LOG] [Fast Refresh] done in 44ms @ http://localhost:3000/_next/static/chunks/node_modules_next_dist_1e8vcs8._.js:776
[  299621ms] [LOG] [Fast Refresh] done in 44ms @ http://localhost:3000/_next/static/chunks/node_modules_next_dist_1e8vcs8._.js:776
[  299660ms] [LOG] [Fast Refresh] done in 44ms @ http://localhost:3000/_next/static/chunks/node_modules_next_dist_1e8vcs8._.js:776
[  299699ms] [LOG] [Fast Refresh] done in 44ms @ http://localhost:3000/_next/static/chunks/node_modules_next_dist_1e8vcs8._.js:776
[  299737ms] [LOG] [Fast Refresh] done in 44ms @ http://localhost:3000/_next/static/chunks/node_modules_next_dist_1e8vcs8._.js:776
[  299776ms] [LOG] [Fast Refresh] done in 44ms @ http://localhost:3000/_next/static/chunks/node_modules_next_dist_1e8vcs8._.js:776
[  299814ms] [LOG] [Fast Refresh] done in 44ms @ http://localhost:3000/_next/static/chunks/node_modules_next_dist_1e8vcs8._.js:776
[  299853ms] [LOG] [Fast Refresh] done in 44ms @ http://localhost:3000/_next/static/chunks/node_modules_next_dist_1e8vcs8._.js:776
[  299891ms] [LOG] [Fast Refresh] done in 44ms @ http://localhost:3000/_next/static/chunks/node_modules_next_dist_1e8vcs8._.js:776
[  299928ms] [LOG] [Fast Refresh] done in 44ms @ http://localhost:3000/_next/static/chunks/node_modules_next_dist_1e8vcs8._.js:776
[  299967ms] [LOG] [Fast Refresh] done in 44ms @ http://localhost:3000/_next/static/chunks/node_modules_next_dist_1e8vcs8._.js:776
[  300006ms] [LOG] [Fast Refresh] done in 44ms @ http://localhost:3000/_next/static/chunks/node_modules_next_dist_1e8vcs8._.js:776
[  300044ms] [LOG] [Fast Refresh] done in 44ms @ http://localhost:3000/_next/static/chunks/node_modules_next_dist_1e8vcs8._.js:776
[  300082ms] [LOG] [Fast Refresh] done in 44ms @ http://localhost:3000/_next/static/chunks/node_modules_next_dist_1e8vcs8._.js:776
[  300118ms] [LOG] [Fast Refresh] done in 44ms @ http://localhost:3000/_next/static/chunks/node_modules_next_dist_1e8vcs8._.js:776
[  300156ms] [LOG] [Fast Refresh] done in 44ms @ http://localhost:3000/_next/static/chunks/node_modules_next_dist_1e8vcs8._.js:776
[  300194ms] [LOG] [Fast Refresh] done in 44ms @ http://localhost:3000/_next/static/chunks/node_modules_next_dist_1e8vcs8._.js:776
[  300233ms] [LOG] [Fast Refresh] done in 44ms @ http://localhost:3000/_next/static/chunks/node_modules_next_dist_1e8vcs8._.js:776
[  300272ms] [LOG] [Fast Refresh] done in 44ms @ http://localhost:3000/_next/static/chunks/node_modules_next_dist_1e8vcs8._.js:776
[  300308ms] [LOG] [Fast Refresh] done in 44ms @ http://localhost:3000/_next/static/chunks/node_modules_next_dist_1e8vcs8._.js:776
[  300347ms] [LOG] [Fast Refresh] done in 44ms @ http://localhost:3000/_next/static/chunks/node_modules_next_dist_1e8vcs8._.js:776
[  300386ms] [LOG] [Fast Refresh] done in 44ms @ http://localhost:3000/_next/static/chunks/node_modules_next_dist_1e8vcs8._.js:776
[  300425ms] [LOG] [Fast Refresh] done in 44ms @ http://localhost:3000/_next/static/chunks/node_modules_next_dist_1e8vcs8._.js:776
[  300465ms] [LOG] [Fast Refresh] done in 44ms @ http://localhost:3000/_next/static/chunks/node_modules_next_dist_1e8vcs8._.js:776
[  300501ms] [LOG] [Fast Refresh] done in 44ms @ http://localhost:3000/_next/static/chunks/node_modules_next_dist_1e8vcs8._.js:776
[  300541ms] [LOG] [Fast Refresh] done in 44ms @ http://localhost:3000/_next/static/chunks/node_modules_next_dist_1e8vcs8._.js:776
[  300581ms] [LOG] [Fast Refresh] done in 44ms @ http://localhost:3000/_next/static/chunks/node_modules_next_dist_1e8vcs8._.js:776
[  300618ms] [LOG] [Fast Refresh] done in 44ms @ http://localhost:3000/_next/static/chunks/node_modules_next_dist_1e8vcs8._.js:776
[  300657ms] [LOG] [Fast Refresh] done in 44ms @ http://localhost:3000/_next/static/chunks/node_modules_next_dist_1e8vcs8._.js:776
[  300694ms] [LOG] [Fast Refresh] done in 44ms @ http://localhost:3000/_next/static/chunks/node_modules_next_dist_1e8vcs8._.js:776
[  300731ms] [LOG] [Fast Refresh] done in 44ms @ http://localhost:3000/_next/static/chunks/node_modules_next_dist_1e8vcs8._.js:776
[  300768ms] [LOG] [Fast Refresh] done in 44ms @ http://localhost:3000/_next/static/chunks/node_modules_next_dist_1e8vcs8._.js:776
[  300804ms] [LOG] [Fast Refresh] done in 44ms @ http://localhost:3000/_next/static/chunks/node_modules_next_dist_1e8vcs8._.js:776
[  300841ms] [LOG] [Fast Refresh] done in 44ms @ http://localhost:3000/_next/static/chunks/node_modules_next_dist_1e8vcs8._.js:776
[  300878ms] [LOG] [Fast Refresh] done in 44ms @ http://localhost:3000/_next/static/chunks/node_modules_next_dist_1e8vcs8._.js:776
[  300915ms] [LOG] [Fast Refresh] done in 44ms @ http://localhost:3000/_next/static/chunks/node_modules_next_dist_1e8vcs8._.js:776
[  300953ms] [LOG] [Fast Refresh] done in 44ms @ http://localhost:3000/_next/static/chunks/node_modules_next_dist_1e8vcs8._.js:776
[  300990ms] [LOG] [Fast Refresh] done in 44ms @ http://localhost:3000/_next/static/chunks/node_modules_next_dist_1e8vcs8._.js:776
[  301029ms] [LOG] [Fast Refresh] done in 44ms @ http://localhost:3000/_next/static/chunks/node_modules_next_dist_1e8vcs8._.js:776
[  301070ms] [LOG] [Fast Refresh] done in 44ms @ http://localhost:3000/_next/static/chunks/node_modules_next_dist_1e8vcs8._.js:776
[  301108ms] [LOG] [Fast Refresh] done in 44ms @ http://localhost:3000/_next/static/chunks/node_modules_next_dist_1e8vcs8._.js:776
[  301149ms] [LOG] [Fast Refresh] done in 44ms @ http://localhost:3000/_next/static/chunks/node_modules_next_dist_1e8vcs8._.js:776
[  301187ms] [LOG] [Fast Refresh] done in 44ms @ http://localhost:3000/_next/static/chunks/node_modules_next_dist_1e8vcs8._.js:776
[  301223ms] [LOG] [Fast Refresh] done in 44ms @ http://localhost:3000/_next/static/chunks/node_modules_next_dist_1e8vcs8._.js:776
[  301266ms] [LOG] [Fast Refresh] done in 44ms @ http://localhost:3000/_next/static/chunks/node_modules_next_dist_1e8vcs8._.js:776
[  301305ms] [LOG] [Fast Refresh] done in 44ms @ http://localhost:3000/_next/static/chunks/node_modules_next_dist_1e8vcs8._.js:776
[  301344ms] [LOG] [Fast Refresh] done in 44ms @ http://localhost:3000/_next/static/chunks/node_modules_next_dist_1e8vcs8._.js:776
[  301382ms] [LOG] [Fast Refresh] done in 44ms @ http://localhost:3000/_next/static/chunks/node_modules_next_dist_1e8vcs8._.js:776
[  301419ms] [LOG] [Fast Refresh] done in 44ms @ http://localhost:3000/_next/static/chunks/node_modules_next_dist_1e8vcs8._.js:776
[  301457ms] [LOG] [Fast Refresh] done in 44ms @ http://localhost:3000/_next/static/chunks/node_modules_next_dist_1e8vcs8._.js:776
[  301493ms] [LOG] [Fast Refresh] done in 44ms @ http://localhost:3000/_next/static/chunks/node_modules_next_dist_1e8vcs8._.js:776
[  301537ms] [LOG] [Fast Refresh] done in 44ms @ http://localhost:3000/_next/static/chunks/node_modules_next_dist_1e8vcs8._.js:776
[  301576ms] [LOG] [Fast Refresh] done in 44ms @ http://localhost:3000/_next/static/chunks/node_modules_next_dist_1e8vcs8._.js:776
[  301617ms] [LOG] [Fast Refresh] done in 44ms @ http://localhost:3000/_next/static/chunks/node_modules_next_dist_1e8vcs8._.js:776
[  301657ms] [LOG] [Fast Refresh] done in 44ms @ http://localhost:3000/_next/static/chunks/node_modules_next_dist_1e8vcs8._.js:776
[  301694ms] [LOG] [Fast Refresh] done in 44ms @ http://localhost:3000/_next/static/chunks/node_modules_next_dist_1e8vcs8._.js:776
[  301732ms] [LOG] [Fast Refresh] done in 44ms @ http://localhost:3000/_next/static/chunks/node_modules_next_dist_1e8vcs8._.js:776
[  301771ms] [LOG] [Fast Refresh] done in 44ms @ http://localhost:3000/_next/static/chunks/node_modules_next_dist_1e8vcs8._.js:776
[  301811ms] [LOG] [Fast Refresh] done in 44ms @ http://localhost:3000/_next/static/chunks/node_modules_next_dist_1e8vcs8._.js:776
[  301851ms] [LOG] [Fast Refresh] done in 44ms @ http://localhost:3000/_next/static/chunks/node_modules_next_dist_1e8vcs8._.js:776
[  301892ms] [LOG] [Fast Refresh] done in 44ms @ http://localhost:3000/_next/static/chunks/node_modules_next_dist_1e8vcs8._.js:776
[  301932ms] [LOG] [Fast Refresh] done in 44ms @ http://localhost:3000/_next/static/chunks/node_modules_next_dist_1e8vcs8._.js:776
[  301969ms] [LOG] [Fast Refresh] done in 44ms @ http://localhost:3000/_next/static/chunks/node_modules_next_dist_1e8vcs8._.js:776
[  302012ms] [LOG] [Fast Refresh] done in 44ms @ http://localhost:3000/_next/static/chunks/node_modules_next_dist_1e8vcs8._.js:776
[  302052ms] [LOG] [Fast Refresh] done in 44ms @ http://localhost:3000/_next/static/chunks/node_modules_next_dist_1e8vcs8._.js:776
[  302091ms] [LOG] [Fast Refresh] done in 44ms @ http://localhost:3000/_next/static/chunks/node_modules_next_dist_1e8vcs8._.js:776
[  302131ms] [LOG] [Fast Refresh] done in 44ms @ http://localhost:3000/_next/static/chunks/node_modules_next_dist_1e8vcs8._.js:776
[  302168ms] [LOG] [Fast Refresh] done in 44ms @ http://localhost:3000/_next/static/chunks/node_modules_next_dist_1e8vcs8._.js:776
[  302206ms] [LOG] [Fast Refresh] done in 44ms @ http://localhost:3000/_next/static/chunks/node_modules_next_dist_1e8vcs8._.js:776
[  302244ms] [LOG] [Fast Refresh] done in 44ms @ http://localhost:3000/_next/static/chunks/node_modules_next_dist_1e8vcs8._.js:776
[  302282ms] [LOG] [Fast Refresh] done in 44ms @ http://localhost:3000/_next/static/chunks/node_modules_next_dist_1e8vcs8._.js:776
[  302319ms] [LOG] [Fast Refresh] done in 44ms @ http://localhost:3000/_next/static/chunks/node_modules_next_dist_1e8vcs8._.js:776
[  302357ms] [LOG] [Fast Refresh] done in 44ms @ http://localhost:3000/_next/static/chunks/node_modules_next_dist_1e8vcs8._.js:776
[  302394ms] [LOG] [Fast Refresh] done in 44ms @ http://localhost:3000/_next/static/chunks/node_modules_next_dist_1e8vcs8._.js:776
[  302435ms] [LOG] [Fast Refresh] done in 44ms @ http://localhost:3000/_next/static/chunks/node_modules_next_dist_1e8vcs8._.js:776
[  302474ms] [LOG] [Fast Refresh] done in 44ms @ http://localhost:3000/_next/static/chunks/node_modules_next_dist_1e8vcs8._.js:776
[  302513ms] [LOG] [Fast Refresh] done in 44ms @ http://localhost:3000/_next/static/chunks/node_modules_next_dist_1e8vcs8._.js:776
[  302551ms] [LOG] [Fast Refresh] done in 44ms @ http://localhost:3000/_next/static/chunks/node_modules_next_dist_1e8vcs8._.js:776
[  302588ms] [LOG] [Fast Refresh] done in 44ms @ http://localhost:3000/_next/static/chunks/node_modules_next_dist_1e8vcs8._.js:776
[  302627ms] [LOG] [Fast Refresh] done in 44ms @ http://localhost:3000/_next/static/chunks/node_modules_next_dist_1e8vcs8._.js:776
[  302664ms] [LOG] [Fast Refresh] done in 44ms @ http://localhost:3000/_next/static/chunks/node_modules_next_dist_1e8vcs8._.js:776
[  302702ms] [LOG] [Fast Refresh] done in 44ms @ http://localhost:3000/_next/static/chunks/node_modules_next_dist_1e8vcs8._.js:776
[  302738ms] [LOG] [Fast Refresh] done in 44ms @ http://localhost:3000/_next/static/chunks/node_modules_next_dist_1e8vcs8._.js:776
[  302779ms] [LOG] [Fast Refresh] done in 44ms @ http://localhost:3000/_next/static/chunks/node_modules_next_dist_1e8vcs8._.js:776
[  302817ms] [LOG] [Fast Refresh] done in 44ms @ http://localhost:3000/_next/static/chunks/node_modules_next_dist_1e8vcs8._.js:776
[  302855ms] [LOG] [Fast Refresh] done in 44ms @ http://localhost:3000/_next/static/chunks/node_modules_next_dist_1e8vcs8._.js:776
[  302894ms] [LOG] [Fast Refresh] done in 44ms @ http://localhost:3000/_next/static/chunks/node_modules_next_dist_1e8vcs8._.js:776
[  302937ms] [LOG] [Fast Refresh] done in 44ms @ http://localhost:3000/_next/static/chunks/node_modules_next_dist_1e8vcs8._.js:776
[  302974ms] [LOG] [Fast Refresh] done in 44ms @ http://localhost:3000/_next/static/chunks/node_modules_next_dist_1e8vcs8._.js:776
[  303019ms] [LOG] [Fast Refresh] done in 44ms @ http://localhost:3000/_next/static/chunks/node_modules_next_dist_1e8vcs8._.js:776
[  303061ms] [LOG] [Fast Refresh] done in 44ms @ http://localhost:3000/_next/static/chunks/node_modules_next_dist_1e8vcs8._.js:776
[  303099ms] [LOG] [Fast Refresh] done in 44ms @ http://localhost:3000/_next/static/chunks/node_modules_next_dist_1e8vcs8._.js:776
[  303142ms] [LOG] [Fast Refresh] done in 44ms @ http://localhost:3000/_next/static/chunks/node_modules_next_dist_1e8vcs8._.js:776
[  303182ms] [LOG] [Fast Refresh] done in 44ms @ http://localhost:3000/_next/static/chunks/node_modules_next_dist_1e8vcs8._.js:776
[  303219ms] [LOG] [Fast Refresh] done in 44ms @ http://localhost:3000/_next/static/chunks/node_modules_next_dist_1e8vcs8._.js:776
[  303258ms] [LOG] [Fast Refresh] done in 44ms @ http://localhost:3000/_next/static/chunks/node_modules_next_dist_1e8vcs8._.js:776
[  303299ms] [LOG] [Fast Refresh] done in 44ms @ http://localhost:3000/_next/static/chunks/node_modules_next_dist_1e8vcs8._.js:776
[  303337ms] [LOG] [Fast Refresh] done in 44ms @ http://localhost:3000/_next/static/chunks/node_modules_next_dist_1e8vcs8._.js:776
[  303375ms] [LOG] [Fast Refresh] done in 44ms @ http://localhost:3000/_next/static/chunks/node_modules_next_dist_1e8vcs8._.js:776
[  303413ms] [LOG] [Fast Refresh] done in 44ms @ http://localhost:3000/_next/static/chunks/node_modules_next_dist_1e8vcs8._.js:776
[  303451ms] [LOG] [Fast Refresh] done in 44ms @ http://localhost:3000/_next/static/chunks/node_modules_next_dist_1e8vcs8._.js:776
[  303488ms] [LOG] [Fast Refresh] done in 44ms @ http://localhost:3000/_next/static/chunks/node_modules_next_dist_1e8vcs8._.js:776
[  303527ms] [LOG] [Fast Refresh] done in 44ms @ http://localhost:3000/_next/static/chunks/node_modules_next_dist_1e8vcs8._.js:776
[  303566ms] [LOG] [Fast Refresh] done in 44ms @ http://localhost:3000/_next/static/chunks/node_modules_next_dist_1e8vcs8._.js:776
[  303603ms] [LOG] [Fast Refresh] done in 44ms @ http://localhost:3000/_next/static/chunks/node_modules_next_dist_1e8vcs8._.js:776
[  303643ms] [LOG] [Fast Refresh] done in 44ms @ http://localhost:3000/_next/static/chunks/node_modules_next_dist_1e8vcs8._.js:776
[  303682ms] [LOG] [Fast Refresh] done in 44ms @ http://localhost:3000/_next/static/chunks/node_modules_next_dist_1e8vcs8._.js:776
[  303719ms] [LOG] [Fast Refresh] done in 44ms @ http://localhost:3000/_next/static/chunks/node_modules_next_dist_1e8vcs8._.js:776
[  303757ms] [LOG] [Fast Refresh] done in 44ms @ http://localhost:3000/_next/static/chunks/node_modules_next_dist_1e8vcs8._.js:776
[  303796ms] [LOG] [Fast Refresh] done in 44ms @ http://localhost:3000/_next/static/chunks/node_modules_next_dist_1e8vcs8._.js:776
[  303834ms] [LOG] [Fast Refresh] done in 44ms @ http://localhost:3000/_next/static/chunks/node_modules_next_dist_1e8vcs8._.js:776
[  303877ms] [LOG] [Fast Refresh] done in 44ms @ http://localhost:3000/_next/static/chunks/node_modules_next_dist_1e8vcs8._.js:776
[  303916ms] [LOG] [Fast Refresh] done in 44ms @ http://localhost:3000/_next/static/chunks/node_modules_next_dist_1e8vcs8._.js:776
[  303956ms] [LOG] [Fast Refresh] done in 44ms @ http://localhost:3000/_next/static/chunks/node_modules_next_dist_1e8vcs8._.js:776
[  303996ms] [LOG] [Fast Refresh] done in 44ms @ http://localhost:3000/_next/static/chunks/node_modules_next_dist_1e8vcs8._.js:776
[  304033ms] [LOG] [Fast Refresh] done in 44ms @ http://localhost:3000/_next/static/chunks/node_modules_next_dist_1e8vcs8._.js:776
[  304069ms] [LOG] [Fast Refresh] done in 44ms @ http://localhost:3000/_next/static/chunks/node_modules_next_dist_1e8vcs8._.js:776
[  304108ms] [LOG] [Fast Refresh] done in 44ms @ http://localhost:3000/_next/static/chunks/node_modules_next_dist_1e8vcs8._.js:776
[  304146ms] [LOG] [Fast Refresh] done in 44ms @ http://localhost:3000/_next/static/chunks/node_modules_next_dist_1e8vcs8._.js:776
[  304184ms] [LOG] [Fast Refresh] done in 44ms @ http://localhost:3000/_next/static/chunks/node_modules_next_dist_1e8vcs8._.js:776
[  304224ms] [LOG] [Fast Refresh] done in 44ms @ http://localhost:3000/_next/static/chunks/node_modules_next_dist_1e8vcs8._.js:776
[  304266ms] [LOG] [Fast Refresh] done in 44ms @ http://localhost:3000/_next/static/chunks/node_modules_next_dist_1e8vcs8._.js:776
[  304304ms] [LOG] [Fast Refresh] done in 44ms @ http://localhost:3000/_next/static/chunks/node_modules_next_dist_1e8vcs8._.js:776
[  304344ms] [LOG] [Fast Refresh] done in 44ms @ http://localhost:3000/_next/static/chunks/node_modules_next_dist_1e8vcs8._.js:776
[  304386ms] [LOG] [Fast Refresh] done in 44ms @ http://localhost:3000/_next/static/chunks/node_modules_next_dist_1e8vcs8._.js:776
[  304426ms] [LOG] [Fast Refresh] done in 44ms @ http://localhost:3000/_next/static/chunks/node_modules_next_dist_1e8vcs8._.js:776
[  304463ms] [LOG] [Fast Refresh] done in 44ms @ http://localhost:3000/_next/static/chunks/node_modules_next_dist_1e8vcs8._.js:776
[  304499ms] [LOG] [Fast Refresh] done in 44ms @ http://localhost:3000/_next/static/chunks/node_modules_next_dist_1e8vcs8._.js:776
[  304542ms] [LOG] [Fast Refresh] done in 44ms @ http://localhost:3000/_next/static/chunks/node_modules_next_dist_1e8vcs8._.js:776
[  304582ms] [LOG] [Fast Refresh] done in 44ms @ http://localhost:3000/_next/static/chunks/node_modules_next_dist_1e8vcs8._.js:776
[  304619ms] [LOG] [Fast Refresh] done in 44ms @ http://localhost:3000/_next/static/chunks/node_modules_next_dist_1e8vcs8._.js:776
[  304659ms] [LOG] [Fast Refresh] done in 44ms @ http://localhost:3000/_next/static/chunks/node_modules_next_dist_1e8vcs8._.js:776
[  304700ms] [LOG] [Fast Refresh] done in 44ms @ http://localhost:3000/_next/static/chunks/node_modules_next_dist_1e8vcs8._.js:776
[  304738ms] [LOG] [Fast Refresh] done in 44ms @ http://localhost:3000/_next/static/chunks/node_modules_next_dist_1e8vcs8._.js:776
[  304776ms] [LOG] [Fast Refresh] done in 44ms @ http://localhost:3000/_next/static/chunks/node_modules_next_dist_1e8vcs8._.js:776
[  304816ms] [LOG] [Fast Refresh] done in 44ms @ http://localhost:3000/_next/static/chunks/node_modules_next_dist_1e8vcs8._.js:776
[  304855ms] [LOG] [Fast Refresh] done in 44ms @ http://localhost:3000/_next/static/chunks/node_modules_next_dist_1e8vcs8._.js:776
[  304893ms] [LOG] [Fast Refresh] done in 44ms @ http://localhost:3000/_next/static/chunks/node_modules_next_dist_1e8vcs8._.js:776
[  304929ms] [LOG] [Fast Refresh] done in 44ms @ http://localhost:3000/_next/static/chunks/node_modules_next_dist_1e8vcs8._.js:776
[  304969ms] [LOG] [Fast Refresh] done in 44ms @ http://localhost:3000/_next/static/chunks/node_modules_next_dist_1e8vcs8._.js:776
[  305011ms] [LOG] [Fast Refresh] done in 44ms @ http://localhost:3000/_next/static/chunks/node_modules_next_dist_1e8vcs8._.js:776
[  305052ms] [LOG] [Fast Refresh] done in 44ms @ http://localhost:3000/_next/static/chunks/node_modules_next_dist_1e8vcs8._.js:776
[  305089ms] [LOG] [Fast Refresh] done in 44ms @ http://localhost:3000/_next/static/chunks/node_modules_next_dist_1e8vcs8._.js:776
[  305127ms] [LOG] [Fast Refresh] done in 44ms @ http://localhost:3000/_next/static/chunks/node_modules_next_dist_1e8vcs8._.js:776
[  305164ms] [LOG] [Fast Refresh] done in 44ms @ http://localhost:3000/_next/static/chunks/node_modules_next_dist_1e8vcs8._.js:776
[  305201ms] [LOG] [Fast Refresh] done in 44ms @ http://localhost:3000/_next/static/chunks/node_modules_next_dist_1e8vcs8._.js:776
[  305239ms] [LOG] [Fast Refresh] done in 44ms @ http://localhost:3000/_next/static/chunks/node_modules_next_dist_1e8vcs8._.js:776
[  305279ms] [LOG] [Fast Refresh] done in 44ms @ http://localhost:3000/_next/static/chunks/node_modules_next_dist_1e8vcs8._.js:776
[  305317ms] [LOG] [Fast Refresh] done in 44ms @ http://localhost:3000/_next/static/chunks/node_modules_next_dist_1e8vcs8._.js:776
[  305363ms] [LOG] [Fast Refresh] done in 44ms @ http://localhost:3000/_next/static/chunks/node_modules_next_dist_1e8vcs8._.js:776
[  305410ms] [LOG] [Fast Refresh] done in 44ms @ http://localhost:3000/_next/static/chunks/node_modules_next_dist_1e8vcs8._.js:776
[  305451ms] [LOG] [Fast Refresh] done in 44ms @ http://localhost:3000/_next/static/chunks/node_modules_next_dist_1e8vcs8._.js:776
[  305491ms] [LOG] [Fast Refresh] done in 44ms @ http://localhost:3000/_next/static/chunks/node_modules_next_dist_1e8vcs8._.js:776
[  305529ms] [LOG] [Fast Refresh] done in 44ms @ http://localhost:3000/_next/static/chunks/node_modules_next_dist_1e8vcs8._.js:776
[  305570ms] [LOG] [Fast Refresh] done in 44ms @ http://localhost:3000/_next/static/chunks/node_modules_next_dist_1e8vcs8._.js:776
[  305626ms] [LOG] [Fast Refresh] done in 44ms @ http://localhost:3000/_next/static/chunks/node_modules_next_dist_1e8vcs8._.js:776
[  305665ms] [LOG] [Fast Refresh] done in 44ms @ http://localhost:3000/_next/static/chunks/node_modules_next_dist_1e8vcs8._.js:776
[  305705ms] [LOG] [Fast Refresh] done in 44ms @ http://localhost:3000/_next/static/chunks/node_modules_next_dist_1e8vcs8._.js:776
[  305746ms] [LOG] [Fast Refresh] done in 44ms @ http://localhost:3000/_next/static/chunks/node_modules_next_dist_1e8vcs8._.js:776
[  305788ms] [LOG] [Fast Refresh] done in 44ms @ http://localhost:3000/_next/static/chunks/node_modules_next_dist_1e8vcs8._.js:776
[  305827ms] [LOG] [Fast Refresh] done in 44ms @ http://localhost:3000/_next/static/chunks/node_modules_next_dist_1e8vcs8._.js:776
[  305866ms] [LOG] [Fast Refresh] done in 44ms @ http://localhost:3000/_next/static/chunks/node_modules_next_dist_1e8vcs8._.js:776
[  305905ms] [LOG] [Fast Refresh] done in 44ms @ http://localhost:3000/_next/static/chunks/node_modules_next_dist_1e8vcs8._.js:776
[  305948ms] [LOG] [Fast Refresh] done in 44ms @ http://localhost:3000/_next/static/chunks/node_modules_next_dist_1e8vcs8._.js:776
[  305999ms] [LOG] [Fast Refresh] done in 44ms @ http://localhost:3000/_next/static/chunks/node_modules_next_dist_1e8vcs8._.js:776
[  306051ms] [LOG] [Fast Refresh] done in 44ms @ http://localhost:3000/_next/static/chunks/node_modules_next_dist_1e8vcs8._.js:776
[  306088ms] [LOG] [Fast Refresh] done in 44ms @ http://localhost:3000/_next/static/chunks/node_modules_next_dist_1e8vcs8._.js:776
[  306131ms] [LOG] [Fast Refresh] done in 44ms @ http://localhost:3000/_next/static/chunks/node_modules_next_dist_1e8vcs8._.js:776
[  306173ms] [LOG] [Fast Refresh] done in 44ms @ http://localhost:3000/_next/static/chunks/node_modules_next_dist_1e8vcs8._.js:776
[  306212ms] [LOG] [Fast Refresh] done in 44ms @ http://localhost:3000/_next/static/chunks/node_modules_next_dist_1e8vcs8._.js:776
[  306252ms] [LOG] [Fast Refresh] done in 44ms @ http://localhost:3000/_next/static/chunks/node_modules_next_dist_1e8vcs8._.js:776
[  306291ms] [LOG] [Fast Refresh] done in 44ms @ http://localhost:3000/_next/static/chunks/node_modules_next_dist_1e8vcs8._.js:776
[  306329ms] [LOG] [Fast Refresh] done in 44ms @ http://localhost:3000/_next/static/chunks/node_modules_next_dist_1e8vcs8._.js:776
[  306372ms] [LOG] [Fast Refresh] done in 44ms @ http://localhost:3000/_next/static/chunks/node_modules_next_dist_1e8vcs8._.js:776
[  306410ms] [LOG] [Fast Refresh] done in 44ms @ http://localhost:3000/_next/static/chunks/node_modules_next_dist_1e8vcs8._.js:776
[  306453ms] [LOG] [Fast Refresh] done in 44ms @ http://localhost:3000/_next/static/chunks/node_modules_next_dist_1e8vcs8._.js:776
[  306492ms] [LOG] [Fast Refresh] done in 44ms @ http://localhost:3000/_next/static/chunks/node_modules_next_dist_1e8vcs8._.js:776
[  306530ms] [LOG] [Fast Refresh] done in 44ms @ http://localhost:3000/_next/static/chunks/node_modules_next_dist_1e8vcs8._.js:776
[  306573ms] [LOG] [Fast Refresh] done in 44ms @ http://localhost:3000/_next/static/chunks/node_modules_next_dist_1e8vcs8._.js:776
[  306618ms] [LOG] [Fast Refresh] done in 44ms @ http://localhost:3000/_next/static/chunks/node_modules_next_dist_1e8vcs8._.js:776
[  306664ms] [LOG] [Fast Refresh] done in 44ms @ http://localhost:3000/_next/static/chunks/node_modules_next_dist_1e8vcs8._.js:776
[  306706ms] [LOG] [Fast Refresh] done in 44ms @ http://localhost:3000/_next/static/chunks/node_modules_next_dist_1e8vcs8._.js:776
[  306743ms] [LOG] [Fast Refresh] done in 44ms @ http://localhost:3000/_next/static/chunks/node_modules_next_dist_1e8vcs8._.js:776
[  306782ms] [LOG] [Fast Refresh] done in 44ms @ http://localhost:3000/_next/static/chunks/node_modules_next_dist_1e8vcs8._.js:776
[  306821ms] [LOG] [Fast Refresh] done in 44ms @ http://localhost:3000/_next/static/chunks/node_modules_next_dist_1e8vcs8._.js:776
[  306860ms] [LOG] [Fast Refresh] done in 44ms @ http://localhost:3000/_next/static/chunks/node_modules_next_dist_1e8vcs8._.js:776
[  306898ms] [LOG] [Fast Refresh] done in 44ms @ http://localhost:3000/_next/static/chunks/node_modules_next_dist_1e8vcs8._.js:776
[  306938ms] [LOG] [Fast Refresh] done in 44ms @ http://localhost:3000/_next/static/chunks/node_modules_next_dist_1e8vcs8._.js:776
[  306979ms] [LOG] [Fast Refresh] done in 44ms @ http://localhost:3000/_next/static/chunks/node_modules_next_dist_1e8vcs8._.js:776
[  307021ms] [LOG] [Fast Refresh] done in 44ms @ http://localhost:3000/_next/static/chunks/node_modules_next_dist_1e8vcs8._.js:776
[  307058ms] [LOG] [Fast Refresh] done in 44ms @ http://localhost:3000/_next/static/chunks/node_modules_next_dist_1e8vcs8._.js:776
[  307099ms] [LOG] [Fast Refresh] done in 44ms @ http://localhost:3000/_next/static/chunks/node_modules_next_dist_1e8vcs8._.js:776
[  307136ms] [LOG] [Fast Refresh] done in 44ms @ http://localhost:3000/_next/static/chunks/node_modules_next_dist_1e8vcs8._.js:776
[  307174ms] [LOG] [Fast Refresh] done in 44ms @ http://localhost:3000/_next/static/chunks/node_modules_next_dist_1e8vcs8._.js:776
[  307214ms] [LOG] [Fast Refresh] done in 44ms @ http://localhost:3000/_next/static/chunks/node_modules_next_dist_1e8vcs8._.js:776
[  307253ms] [LOG] [Fast Refresh] done in 44ms @ http://localhost:3000/_next/static/chunks/node_modules_next_dist_1e8vcs8._.js:776
[  307291ms] [LOG] [Fast Refresh] done in 44ms @ http://localhost:3000/_next/static/chunks/node_modules_next_dist_1e8vcs8._.js:776
[  307328ms] [LOG] [Fast Refresh] done in 44ms @ http://localhost:3000/_next/static/chunks/node_modules_next_dist_1e8vcs8._.js:776
[  307364ms] [LOG] [Fast Refresh] done in 44ms @ http://localhost:3000/_next/static/chunks/node_modules_next_dist_1e8vcs8._.js:776
[  307403ms] [LOG] [Fast Refresh] done in 44ms @ http://localhost:3000/_next/static/chunks/node_modules_next_dist_1e8vcs8._.js:776
[  307441ms] [LOG] [Fast Refresh] done in 44ms @ http://localhost:3000/_next/static/chunks/node_modules_next_dist_1e8vcs8._.js:776
[  307486ms] [LOG] [Fast Refresh] done in 44ms @ http://localhost:3000/_next/static/chunks/node_modules_next_dist_1e8vcs8._.js:776
[  307525ms] [LOG] [Fast Refresh] done in 44ms @ http://localhost:3000/_next/static/chunks/node_modules_next_dist_1e8vcs8._.js:776
[  307564ms] [LOG] [Fast Refresh] done in 44ms @ http://localhost:3000/_next/static/chunks/node_modules_next_dist_1e8vcs8._.js:776
[  307603ms] [LOG] [Fast Refresh] done in 44ms @ http://localhost:3000/_next/static/chunks/node_modules_next_dist_1e8vcs8._.js:776
[  307642ms] [LOG] [Fast Refresh] done in 44ms @ http://localhost:3000/_next/static/chunks/node_modules_next_dist_1e8vcs8._.js:776
[  307682ms] [LOG] [Fast Refresh] done in 44ms @ http://localhost:3000/_next/static/chunks/node_modules_next_dist_1e8vcs8._.js:776
[  307720ms] [LOG] [Fast Refresh] done in 44ms @ http://localhost:3000/_next/static/chunks/node_modules_next_dist_1e8vcs8._.js:776
[  307761ms] [LOG] [Fast Refresh] done in 44ms @ http://localhost:3000/_next/static/chunks/node_modules_next_dist_1e8vcs8._.js:776
[  307798ms] [LOG] [Fast Refresh] done in 44ms @ http://localhost:3000/_next/static/chunks/node_modules_next_dist_1e8vcs8._.js:776
[  307857ms] [LOG] [Fast Refresh] done in 44ms @ http://localhost:3000/_next/static/chunks/node_modules_next_dist_1e8vcs8._.js:776
[  307912ms] [LOG] [Fast Refresh] done in 44ms @ http://localhost:3000/_next/static/chunks/node_modules_next_dist_1e8vcs8._.js:776
[  307953ms] [LOG] [Fast Refresh] done in 44ms @ http://localhost:3000/_next/static/chunks/node_modules_next_dist_1e8vcs8._.js:776
[  307991ms] [LOG] [Fast Refresh] done in 44ms @ http://localhost:3000/_next/static/chunks/node_modules_next_dist_1e8vcs8._.js:776
[  308029ms] [LOG] [Fast Refresh] done in 44ms @ http://localhost:3000/_next/static/chunks/node_modules_next_dist_1e8vcs8._.js:776
[  308070ms] [LOG] [Fast Refresh] done in 44ms @ http://localhost:3000/_next/static/chunks/node_modules_next_dist_1e8vcs8._.js:776
[  308107ms] [LOG] [Fast Refresh] done in 44ms @ http://localhost:3000/_next/static/chunks/node_modules_next_dist_1e8vcs8._.js:776
[  308145ms] [LOG] [Fast Refresh] done in 44ms @ http://localhost:3000/_next/static/chunks/node_modules_next_dist_1e8vcs8._.js:776
[  308184ms] [LOG] [Fast Refresh] done in 44ms @ http://localhost:3000/_next/static/chunks/node_modules_next_dist_1e8vcs8._.js:776
[  308223ms] [LOG] [Fast Refresh] done in 44ms @ http://localhost:3000/_next/static/chunks/node_modules_next_dist_1e8vcs8._.js:776
[  308267ms] [LOG] [Fast Refresh] done in 44ms @ http://localhost:3000/_next/static/chunks/node_modules_next_dist_1e8vcs8._.js:776
[  308307ms] [LOG] [Fast Refresh] done in 44ms @ http://localhost:3000/_next/static/chunks/node_modules_next_dist_1e8vcs8._.js:776
[  308345ms] [LOG] [Fast Refresh] done in 44ms @ http://localhost:3000/_next/static/chunks/node_modules_next_dist_1e8vcs8._.js:776
[  308383ms] [LOG] [Fast Refresh] done in 44ms @ http://localhost:3000/_next/static/chunks/node_modules_next_dist_1e8vcs8._.js:776
[  308420ms] [LOG] [Fast Refresh] done in 44ms @ http://localhost:3000/_next/static/chunks/node_modules_next_dist_1e8vcs8._.js:776
[  308458ms] [LOG] [Fast Refresh] done in 44ms @ http://localhost:3000/_next/static/chunks/node_modules_next_dist_1e8vcs8._.js:776
[  308494ms] [LOG] [Fast Refresh] done in 44ms @ http://localhost:3000/_next/static/chunks/node_modules_next_dist_1e8vcs8._.js:776
[  308532ms] [LOG] [Fast Refresh] done in 44ms @ http://localhost:3000/_next/static/chunks/node_modules_next_dist_1e8vcs8._.js:776
[  308571ms] [LOG] [Fast Refresh] done in 44ms @ http://localhost:3000/_next/static/chunks/node_modules_next_dist_1e8vcs8._.js:776
[  308608ms] [LOG] [Fast Refresh] done in 44ms @ http://localhost:3000/_next/static/chunks/node_modules_next_dist_1e8vcs8._.js:776
[  308648ms] [LOG] [Fast Refresh] done in 44ms @ http://localhost:3000/_next/static/chunks/node_modules_next_dist_1e8vcs8._.js:776
[  308685ms] [LOG] [Fast Refresh] done in 44ms @ http://localhost:3000/_next/static/chunks/node_modules_next_dist_1e8vcs8._.js:776
[  308723ms] [LOG] [Fast Refresh] done in 44ms @ http://localhost:3000/_next/static/chunks/node_modules_next_dist_1e8vcs8._.js:776
[  308759ms] [LOG] [Fast Refresh] done in 44ms @ http://localhost:3000/_next/static/chunks/node_modules_next_dist_1e8vcs8._.js:776
[  308799ms] [LOG] [Fast Refresh] done in 44ms @ http://localhost:3000/_next/static/chunks/node_modules_next_dist_1e8vcs8._.js:776
[  308838ms] [LOG] [Fast Refresh] done in 44ms @ http://localhost:3000/_next/static/chunks/node_modules_next_dist_1e8vcs8._.js:776
[  308875ms] [LOG] [Fast Refresh] done in 44ms @ http://localhost:3000/_next/static/chunks/node_modules_next_dist_1e8vcs8._.js:776
[  308915ms] [LOG] [Fast Refresh] done in 44ms @ http://localhost:3000/_next/static/chunks/node_modules_next_dist_1e8vcs8._.js:776
[  308954ms] [LOG] [Fast Refresh] done in 44ms @ http://localhost:3000/_next/static/chunks/node_modules_next_dist_1e8vcs8._.js:776
[  308992ms] [LOG] [Fast Refresh] done in 44ms @ http://localhost:3000/_next/static/chunks/node_modules_next_dist_1e8vcs8._.js:776
[  309030ms] [LOG] [Fast Refresh] done in 44ms @ http://localhost:3000/_next/static/chunks/node_modules_next_dist_1e8vcs8._.js:776
[  309068ms] [LOG] [Fast Refresh] done in 44ms @ http://localhost:3000/_next/static/chunks/node_modules_next_dist_1e8vcs8._.js:776
[  309111ms] [LOG] [Fast Refresh] done in 44ms @ http://localhost:3000/_next/static/chunks/node_modules_next_dist_1e8vcs8._.js:776
[  309149ms] [LOG] [Fast Refresh] done in 44ms @ http://localhost:3000/_next/static/chunks/node_modules_next_dist_1e8vcs8._.js:776
[  309191ms] [LOG] [Fast Refresh] done in 44ms @ http://localhost:3000/_next/static/chunks/node_modules_next_dist_1e8vcs8._.js:776
[  309232ms] [LOG] [Fast Refresh] done in 44ms @ http://localhost:3000/_next/static/chunks/node_modules_next_dist_1e8vcs8._.js:776
[  309270ms] [LOG] [Fast Refresh] done in 44ms @ http://localhost:3000/_next/static/chunks/node_modules_next_dist_1e8vcs8._.js:776
[  309309ms] [LOG] [Fast Refresh] done in 44ms @ http://localhost:3000/_next/static/chunks/node_modules_next_dist_1e8vcs8._.js:776
[  309351ms] [LOG] [Fast Refresh] done in 44ms @ http://localhost:3000/_next/static/chunks/node_modules_next_dist_1e8vcs8._.js:776
[  309391ms] [LOG] [Fast Refresh] done in 44ms @ http://localhost:3000/_next/static/chunks/node_modules_next_dist_1e8vcs8._.js:776
[  309431ms] [LOG] [Fast Refresh] done in 44ms @ http://localhost:3000/_next/static/chunks/node_modules_next_dist_1e8vcs8._.js:776
[  309469ms] [LOG] [Fast Refresh] done in 44ms @ http://localhost:3000/_next/static/chunks/node_modules_next_dist_1e8vcs8._.js:776
[  309509ms] [LOG] [Fast Refresh] done in 44ms @ http://localhost:3000/_next/static/chunks/node_modules_next_dist_1e8vcs8._.js:776
[  309549ms] [LOG] [Fast Refresh] done in 44ms @ http://localhost:3000/_next/static/chunks/node_modules_next_dist_1e8vcs8._.js:776
[  309587ms] [LOG] [Fast Refresh] done in 44ms @ http://localhost:3000/_next/static/chunks/node_modules_next_dist_1e8vcs8._.js:776
[  309626ms] [LOG] [Fast Refresh] done in 44ms @ http://localhost:3000/_next/static/chunks/node_modules_next_dist_1e8vcs8._.js:776
[  309663ms] [LOG] [Fast Refresh] done in 44ms @ http://localhost:3000/_next/static/chunks/node_modules_next_dist_1e8vcs8._.js:776
[  309700ms] [LOG] [Fast Refresh] done in 44ms @ http://localhost:3000/_next/static/chunks/node_modules_next_dist_1e8vcs8._.js:776
[  309738ms] [LOG] [Fast Refresh] done in 44ms @ http://localhost:3000/_next/static/chunks/node_modules_next_dist_1e8vcs8._.js:776
[  309775ms] [LOG] [Fast Refresh] done in 44ms @ http://localhost:3000/_next/static/chunks/node_modules_next_dist_1e8vcs8._.js:776
[  309813ms] [LOG] [Fast Refresh] done in 44ms @ http://localhost:3000/_next/static/chunks/node_modules_next_dist_1e8vcs8._.js:776
[  309851ms] [LOG] [Fast Refresh] done in 44ms @ http://localhost:3000/_next/static/chunks/node_modules_next_dist_1e8vcs8._.js:776
[  309889ms] [LOG] [Fast Refresh] done in 44ms @ http://localhost:3000/_next/static/chunks/node_modules_next_dist_1e8vcs8._.js:776
[  309929ms] [LOG] [Fast Refresh] done in 44ms @ http://localhost:3000/_next/static/chunks/node_modules_next_dist_1e8vcs8._.js:776
[  309966ms] [LOG] [Fast Refresh] done in 44ms @ http://localhost:3000/_next/static/chunks/node_modules_next_dist_1e8vcs8._.js:776
[  310003ms] [LOG] [Fast Refresh] done in 44ms @ http://localhost:3000/_next/static/chunks/node_modules_next_dist_1e8vcs8._.js:776
[  310041ms] [LOG] [Fast Refresh] done in 44ms @ http://localhost:3000/_next/static/chunks/node_modules_next_dist_1e8vcs8._.js:776
[  310079ms] [LOG] [Fast Refresh] done in 44ms @ http://localhost:3000/_next/static/chunks/node_modules_next_dist_1e8vcs8._.js:776
[  310118ms] [LOG] [Fast Refresh] done in 44ms @ http://localhost:3000/_next/static/chunks/node_modules_next_dist_1e8vcs8._.js:776
[  310155ms] [LOG] [Fast Refresh] done in 44ms @ http://localhost:3000/_next/static/chunks/node_modules_next_dist_1e8vcs8._.js:776
[  310192ms] [LOG] [Fast Refresh] done in 44ms @ http://localhost:3000/_next/static/chunks/node_modules_next_dist_1e8vcs8._.js:776
[  310230ms] [LOG] [Fast Refresh] done in 44ms @ http://localhost:3000/_next/static/chunks/node_modules_next_dist_1e8vcs8._.js:776
[  310270ms] [LOG] [Fast Refresh] done in 44ms @ http://localhost:3000/_next/static/chunks/node_modules_next_dist_1e8vcs8._.js:776
[  310308ms] [LOG] [Fast Refresh] done in 44ms @ http://localhost:3000/_next/static/chunks/node_modules_next_dist_1e8vcs8._.js:776
[  310346ms] [LOG] [Fast Refresh] done in 44ms @ http://localhost:3000/_next/static/chunks/node_modules_next_dist_1e8vcs8._.js:776
[  310384ms] [LOG] [Fast Refresh] done in 44ms @ http://localhost:3000/_next/static/chunks/node_modules_next_dist_1e8vcs8._.js:776
[  310423ms] [LOG] [Fast Refresh] done in 44ms @ http://localhost:3000/_next/static/chunks/node_modules_next_dist_1e8vcs8._.js:776
[  310462ms] [LOG] [Fast Refresh] done in 44ms @ http://localhost:3000/_next/static/chunks/node_modules_next_dist_1e8vcs8._.js:776
[  310499ms] [LOG] [Fast Refresh] done in 44ms @ http://localhost:3000/_next/static/chunks/node_modules_next_dist_1e8vcs8._.js:776
[  310538ms] [LOG] [Fast Refresh] done in 44ms @ http://localhost:3000/_next/static/chunks/node_modules_next_dist_1e8vcs8._.js:776
[  310577ms] [LOG] [Fast Refresh] done in 44ms @ http://localhost:3000/_next/static/chunks/node_modules_next_dist_1e8vcs8._.js:776
[  310616ms] [LOG] [Fast Refresh] done in 44ms @ http://localhost:3000/_next/static/chunks/node_modules_next_dist_1e8vcs8._.js:776
[  310655ms] [LOG] [Fast Refresh] done in 44ms @ http://localhost:3000/_next/static/chunks/node_modules_next_dist_1e8vcs8._.js:776
[  310693ms] [LOG] [Fast Refresh] done in 44ms @ http://localhost:3000/_next/static/chunks/node_modules_next_dist_1e8vcs8._.js:776
[  310730ms] [LOG] [Fast Refresh] done in 44ms @ http://localhost:3000/_next/static/chunks/node_modules_next_dist_1e8vcs8._.js:776
[  310769ms] [LOG] [Fast Refresh] done in 44ms @ http://localhost:3000/_next/static/chunks/node_modules_next_dist_1e8vcs8._.js:776
[  310807ms] [LOG] [Fast Refresh] done in 44ms @ http://localhost:3000/_next/static/chunks/node_modules_next_dist_1e8vcs8._.js:776
[  310845ms] [LOG] [Fast Refresh] done in 44ms @ http://localhost:3000/_next/static/chunks/node_modules_next_dist_1e8vcs8._.js:776
[  310884ms] [LOG] [Fast Refresh] done in 44ms @ http://localhost:3000/_next/static/chunks/node_modules_next_dist_1e8vcs8._.js:776
[  310922ms] [LOG] [Fast Refresh] done in 44ms @ http://localhost:3000/_next/static/chunks/node_modules_next_dist_1e8vcs8._.js:776
[  310959ms] [LOG] [Fast Refresh] done in 44ms @ http://localhost:3000/_next/static/chunks/node_modules_next_dist_1e8vcs8._.js:776
[  310997ms] [LOG] [Fast Refresh] done in 44ms @ http://localhost:3000/_next/static/chunks/node_modules_next_dist_1e8vcs8._.js:776
[  311034ms] [LOG] [Fast Refresh] done in 44ms @ http://localhost:3000/_next/static/chunks/node_modules_next_dist_1e8vcs8._.js:776
[  311076ms] [LOG] [Fast Refresh] done in 44ms @ http://localhost:3000/_next/static/chunks/node_modules_next_dist_1e8vcs8._.js:776
[  311115ms] [LOG] [Fast Refresh] done in 44ms @ http://localhost:3000/_next/static/chunks/node_modules_next_dist_1e8vcs8._.js:776
[  311154ms] [LOG] [Fast Refresh] done in 44ms @ http://localhost:3000/_next/static/chunks/node_modules_next_dist_1e8vcs8._.js:776
[  311195ms] [LOG] [Fast Refresh] done in 44ms @ http://localhost:3000/_next/static/chunks/node_modules_next_dist_1e8vcs8._.js:776
[  311232ms] [LOG] [Fast Refresh] done in 44ms @ http://localhost:3000/_next/static/chunks/node_modules_next_dist_1e8vcs8._.js:776
[  311269ms] [LOG] [Fast Refresh] done in 44ms @ http://localhost:3000/_next/static/chunks/node_modules_next_dist_1e8vcs8._.js:776
[  311312ms] [LOG] [Fast Refresh] done in 44ms @ http://localhost:3000/_next/static/chunks/node_modules_next_dist_1e8vcs8._.js:776
[  311349ms] [LOG] [Fast Refresh] done in 44ms @ http://localhost:3000/_next/static/chunks/node_modules_next_dist_1e8vcs8._.js:776
[  311389ms] [LOG] [Fast Refresh] done in 44ms @ http://localhost:3000/_next/static/chunks/node_modules_next_dist_1e8vcs8._.js:776
[  311428ms] [LOG] [Fast Refresh] done in 44ms @ http://localhost:3000/_next/static/chunks/node_modules_next_dist_1e8vcs8._.js:776
[  311466ms] [LOG] [Fast Refresh] done in 44ms @ http://localhost:3000/_next/static/chunks/node_modules_next_dist_1e8vcs8._.js:776
[  311506ms] [LOG] [Fast Refresh] done in 44ms @ http://localhost:3000/_next/static/chunks/node_modules_next_dist_1e8vcs8._.js:776
[  311544ms] [LOG] [Fast Refresh] done in 44ms @ http://localhost:3000/_next/static/chunks/node_modules_next_dist_1e8vcs8._.js:776
[  311582ms] [LOG] [Fast Refresh] done in 44ms @ http://localhost:3000/_next/static/chunks/node_modules_next_dist_1e8vcs8._.js:776
[  311619ms] [LOG] [Fast Refresh] done in 44ms @ http://localhost:3000/_next/static/chunks/node_modules_next_dist_1e8vcs8._.js:776
[  311657ms] [LOG] [Fast Refresh] done in 44ms @ http://localhost:3000/_next/static/chunks/node_modules_next_dist_1e8vcs8._.js:776
[  311693ms] [LOG] [Fast Refresh] done in 44ms @ http://localhost:3000/_next/static/chunks/node_modules_next_dist_1e8vcs8._.js:776
[  311730ms] [LOG] [Fast Refresh] done in 44ms @ http://localhost:3000/_next/static/chunks/node_modules_next_dist_1e8vcs8._.js:776
[  311771ms] [LOG] [Fast Refresh] done in 44ms @ http://localhost:3000/_next/static/chunks/node_modules_next_dist_1e8vcs8._.js:776
[  311808ms] [LOG] [Fast Refresh] done in 44ms @ http://localhost:3000/_next/static/chunks/node_modules_next_dist_1e8vcs8._.js:776
[  311850ms] [LOG] [Fast Refresh] done in 44ms @ http://localhost:3000/_next/static/chunks/node_modules_next_dist_1e8vcs8._.js:776
[  311889ms] [LOG] [Fast Refresh] done in 44ms @ http://localhost:3000/_next/static/chunks/node_modules_next_dist_1e8vcs8._.js:776
[  311930ms] [LOG] [Fast Refresh] done in 44ms @ http://localhost:3000/_next/static/chunks/node_modules_next_dist_1e8vcs8._.js:776
[  311971ms] [LOG] [Fast Refresh] done in 44ms @ http://localhost:3000/_next/static/chunks/node_modules_next_dist_1e8vcs8._.js:776
[  312010ms] [LOG] [Fast Refresh] done in 44ms @ http://localhost:3000/_next/static/chunks/node_modules_next_dist_1e8vcs8._.js:776
[  312051ms] [LOG] [Fast Refresh] done in 44ms @ http://localhost:3000/_next/static/chunks/node_modules_next_dist_1e8vcs8._.js:776
[  312089ms] [LOG] [Fast Refresh] done in 44ms @ http://localhost:3000/_next/static/chunks/node_modules_next_dist_1e8vcs8._.js:776
[  312131ms] [LOG] [Fast Refresh] done in 44ms @ http://localhost:3000/_next/static/chunks/node_modules_next_dist_1e8vcs8._.js:776
[  312171ms] [LOG] [Fast Refresh] done in 44ms @ http://localhost:3000/_next/static/chunks/node_modules_next_dist_1e8vcs8._.js:776
[  312208ms] [LOG] [Fast Refresh] done in 44ms @ http://localhost:3000/_next/static/chunks/node_modules_next_dist_1e8vcs8._.js:776
[  312246ms] [LOG] [Fast Refresh] done in 44ms @ http://localhost:3000/_next/static/chunks/node_modules_next_dist_1e8vcs8._.js:776
[  312285ms] [LOG] [Fast Refresh] done in 44ms @ http://localhost:3000/_next/static/chunks/node_modules_next_dist_1e8vcs8._.js:776
[  312322ms] [LOG] [Fast Refresh] done in 44ms @ http://localhost:3000/_next/static/chunks/node_modules_next_dist_1e8vcs8._.js:776
[  312359ms] [LOG] [Fast Refresh] done in 44ms @ http://localhost:3000/_next/static/chunks/node_modules_next_dist_1e8vcs8._.js:776
[  312399ms] [LOG] [Fast Refresh] done in 44ms @ http://localhost:3000/_next/static/chunks/node_modules_next_dist_1e8vcs8._.js:776
[  312439ms] [LOG] [Fast Refresh] done in 44ms @ http://localhost:3000/_next/static/chunks/node_modules_next_dist_1e8vcs8._.js:776
[  312477ms] [LOG] [Fast Refresh] done in 44ms @ http://localhost:3000/_next/static/chunks/node_modules_next_dist_1e8vcs8._.js:776
[  312516ms] [LOG] [Fast Refresh] done in 44ms @ http://localhost:3000/_next/static/chunks/node_modules_next_dist_1e8vcs8._.js:776
[  312557ms] [LOG] [Fast Refresh] done in 44ms @ http://localhost:3000/_next/static/chunks/node_modules_next_dist_1e8vcs8._.js:776
[  312596ms] [LOG] [Fast Refresh] done in 44ms @ http://localhost:3000/_next/static/chunks/node_modules_next_dist_1e8vcs8._.js:776
[  312635ms] [LOG] [Fast Refresh] done in 44ms @ http://localhost:3000/_next/static/chunks/node_modules_next_dist_1e8vcs8._.js:776
[  312674ms] [LOG] [Fast Refresh] done in 44ms @ http://localhost:3000/_next/static/chunks/node_modules_next_dist_1e8vcs8._.js:776
[  312711ms] [LOG] [Fast Refresh] done in 44ms @ http://localhost:3000/_next/static/chunks/node_modules_next_dist_1e8vcs8._.js:776
[  312748ms] [LOG] [Fast Refresh] done in 44ms @ http://localhost:3000/_next/static/chunks/node_modules_next_dist_1e8vcs8._.js:776
[  312787ms] [LOG] [Fast Refresh] done in 44ms @ http://localhost:3000/_next/static/chunks/node_modules_next_dist_1e8vcs8._.js:776
[  312824ms] [LOG] [Fast Refresh] done in 44ms @ http://localhost:3000/_next/static/chunks/node_modules_next_dist_1e8vcs8._.js:776
[  312862ms] [LOG] [Fast Refresh] done in 44ms @ http://localhost:3000/_next/static/chunks/node_modules_next_dist_1e8vcs8._.js:776
[  312901ms] [LOG] [Fast Refresh] done in 44ms @ http://localhost:3000/_next/static/chunks/node_modules_next_dist_1e8vcs8._.js:776
[  312943ms] [LOG] [Fast Refresh] done in 44ms @ http://localhost:3000/_next/static/chunks/node_modules_next_dist_1e8vcs8._.js:776
[  312983ms] [LOG] [Fast Refresh] done in 44ms @ http://localhost:3000/_next/static/chunks/node_modules_next_dist_1e8vcs8._.js:776
[  313021ms] [LOG] [Fast Refresh] done in 44ms @ http://localhost:3000/_next/static/chunks/node_modules_next_dist_1e8vcs8._.js:776
[  313061ms] [LOG] [Fast Refresh] done in 44ms @ http://localhost:3000/_next/static/chunks/node_modules_next_dist_1e8vcs8._.js:776
[  313103ms] [LOG] [Fast Refresh] done in 44ms @ http://localhost:3000/_next/static/chunks/node_modules_next_dist_1e8vcs8._.js:776
[  313141ms] [LOG] [Fast Refresh] done in 44ms @ http://localhost:3000/_next/static/chunks/node_modules_next_dist_1e8vcs8._.js:776
[  313180ms] [LOG] [Fast Refresh] done in 44ms @ http://localhost:3000/_next/static/chunks/node_modules_next_dist_1e8vcs8._.js:776
[  313219ms] [LOG] [Fast Refresh] done in 44ms @ http://localhost:3000/_next/static/chunks/node_modules_next_dist_1e8vcs8._.js:776
[  313262ms] [LOG] [Fast Refresh] done in 44ms @ http://localhost:3000/_next/static/chunks/node_modules_next_dist_1e8vcs8._.js:776
[  313299ms] [LOG] [Fast Refresh] done in 44ms @ http://localhost:3000/_next/static/chunks/node_modules_next_dist_1e8vcs8._.js:776
[  313340ms] [LOG] [Fast Refresh] done in 44ms @ http://localhost:3000/_next/static/chunks/node_modules_next_dist_1e8vcs8._.js:776
[  313377ms] [LOG] [Fast Refresh] done in 44ms @ http://localhost:3000/_next/static/chunks/node_modules_next_dist_1e8vcs8._.js:776
[  313416ms] [LOG] [Fast Refresh] done in 44ms @ http://localhost:3000/_next/static/chunks/node_modules_next_dist_1e8vcs8._.js:776
[  313454ms] [LOG] [Fast Refresh] done in 44ms @ http://localhost:3000/_next/static/chunks/node_modules_next_dist_1e8vcs8._.js:776
[  313492ms] [LOG] [Fast Refresh] done in 44ms @ http://localhost:3000/_next/static/chunks/node_modules_next_dist_1e8vcs8._.js:776
[  313529ms] [LOG] [Fast Refresh] done in 44ms @ http://localhost:3000/_next/static/chunks/node_modules_next_dist_1e8vcs8._.js:776
[  313569ms] [LOG] [Fast Refresh] done in 44ms @ http://localhost:3000/_next/static/chunks/node_modules_next_dist_1e8vcs8._.js:776
[  313609ms] [LOG] [Fast Refresh] done in 44ms @ http://localhost:3000/_next/static/chunks/node_modules_next_dist_1e8vcs8._.js:776
[  313648ms] [LOG] [Fast Refresh] done in 44ms @ http://localhost:3000/_next/static/chunks/node_modules_next_dist_1e8vcs8._.js:776
[  313685ms] [LOG] [Fast Refresh] done in 44ms @ http://localhost:3000/_next/static/chunks/node_modules_next_dist_1e8vcs8._.js:776
[  313724ms] [LOG] [Fast Refresh] done in 44ms @ http://localhost:3000/_next/static/chunks/node_modules_next_dist_1e8vcs8._.js:776
[  313764ms] [LOG] [Fast Refresh] done in 44ms @ http://localhost:3000/_next/static/chunks/node_modules_next_dist_1e8vcs8._.js:776
[  313803ms] [LOG] [Fast Refresh] done in 44ms @ http://localhost:3000/_next/static/chunks/node_modules_next_dist_1e8vcs8._.js:776
[  313848ms] [LOG] [Fast Refresh] done in 44ms @ http://localhost:3000/_next/static/chunks/node_modules_next_dist_1e8vcs8._.js:776
[  313885ms] [LOG] [Fast Refresh] done in 44ms @ http://localhost:3000/_next/static/chunks/node_modules_next_dist_1e8vcs8._.js:776
[  313924ms] [LOG] [Fast Refresh] done in 44ms @ http://localhost:3000/_next/static/chunks/node_modules_next_dist_1e8vcs8._.js:776
[  313961ms] [LOG] [Fast Refresh] done in 44ms @ http://localhost:3000/_next/static/chunks/node_modules_next_dist_1e8vcs8._.js:776
[  313998ms] [LOG] [Fast Refresh] done in 44ms @ http://localhost:3000/_next/static/chunks/node_modules_next_dist_1e8vcs8._.js:776
[  314035ms] [LOG] [Fast Refresh] done in 44ms @ http://localhost:3000/_next/static/chunks/node_modules_next_dist_1e8vcs8._.js:776
[  314076ms] [LOG] [Fast Refresh] done in 44ms @ http://localhost:3000/_next/static/chunks/node_modules_next_dist_1e8vcs8._.js:776
[  314115ms] [LOG] [Fast Refresh] done in 44ms @ http://localhost:3000/_next/static/chunks/node_modules_next_dist_1e8vcs8._.js:776
[  314155ms] [LOG] [Fast Refresh] done in 44ms @ http://localhost:3000/_next/static/chunks/node_modules_next_dist_1e8vcs8._.js:776
[  314193ms] [LOG] [Fast Refresh] done in 44ms @ http://localhost:3000/_next/static/chunks/node_modules_next_dist_1e8vcs8._.js:776
[  314232ms] [LOG] [Fast Refresh] done in 44ms @ http://localhost:3000/_next/static/chunks/node_modules_next_dist_1e8vcs8._.js:776
[  314269ms] [LOG] [Fast Refresh] done in 44ms @ http://localhost:3000/_next/static/chunks/node_modules_next_dist_1e8vcs8._.js:776
[  314307ms] [LOG] [Fast Refresh] done in 44ms @ http://localhost:3000/_next/static/chunks/node_modules_next_dist_1e8vcs8._.js:776
[  314344ms] [LOG] [Fast Refresh] done in 44ms @ http://localhost:3000/_next/static/chunks/node_modules_next_dist_1e8vcs8._.js:776
[  314383ms] [LOG] [Fast Refresh] done in 44ms @ http://localhost:3000/_next/static/chunks/node_modules_next_dist_1e8vcs8._.js:776
[  314421ms] [LOG] [Fast Refresh] done in 44ms @ http://localhost:3000/_next/static/chunks/node_modules_next_dist_1e8vcs8._.js:776
[  314461ms] [LOG] [Fast Refresh] done in 44ms @ http://localhost:3000/_next/static/chunks/node_modules_next_dist_1e8vcs8._.js:776
[  314501ms] [LOG] [Fast Refresh] done in 44ms @ http://localhost:3000/_next/static/chunks/node_modules_next_dist_1e8vcs8._.js:776
[  314538ms] [LOG] [Fast Refresh] done in 44ms @ http://localhost:3000/_next/static/chunks/node_modules_next_dist_1e8vcs8._.js:776
[  314574ms] [LOG] [Fast Refresh] done in 44ms @ http://localhost:3000/_next/static/chunks/node_modules_next_dist_1e8vcs8._.js:776
[  314614ms] [LOG] [Fast Refresh] done in 44ms @ http://localhost:3000/_next/static/chunks/node_modules_next_dist_1e8vcs8._.js:776
[  314651ms] [LOG] [Fast Refresh] done in 44ms @ http://localhost:3000/_next/static/chunks/node_modules_next_dist_1e8vcs8._.js:776
[  314688ms] [LOG] [Fast Refresh] done in 44ms @ http://localhost:3000/_next/static/chunks/node_modules_next_dist_1e8vcs8._.js:776
[  314726ms] [LOG] [Fast Refresh] done in 44ms @ http://localhost:3000/_next/static/chunks/node_modules_next_dist_1e8vcs8._.js:776
[  314762ms] [LOG] [Fast Refresh] done in 44ms @ http://localhost:3000/_next/static/chunks/node_modules_next_dist_1e8vcs8._.js:776
[  314801ms] [LOG] [Fast Refresh] done in 44ms @ http://localhost:3000/_next/static/chunks/node_modules_next_dist_1e8vcs8._.js:776
[  314839ms] [LOG] [Fast Refresh] done in 44ms @ http://localhost:3000/_next/static/chunks/node_modules_next_dist_1e8vcs8._.js:776
[  314877ms] [LOG] [Fast Refresh] done in 44ms @ http://localhost:3000/_next/static/chunks/node_modules_next_dist_1e8vcs8._.js:776
[  314915ms] [LOG] [Fast Refresh] done in 44ms @ http://localhost:3000/_next/static/chunks/node_modules_next_dist_1e8vcs8._.js:776
[  314952ms] [LOG] [Fast Refresh] done in 44ms @ http://localhost:3000/_next/static/chunks/node_modules_next_dist_1e8vcs8._.js:776
[  314991ms] [LOG] [Fast Refresh] done in 44ms @ http://localhost:3000/_next/static/chunks/node_modules_next_dist_1e8vcs8._.js:776
[  315029ms] [LOG] [Fast Refresh] done in 44ms @ http://localhost:3000/_next/static/chunks/node_modules_next_dist_1e8vcs8._.js:776
[  315067ms] [LOG] [Fast Refresh] done in 44ms @ http://localhost:3000/_next/static/chunks/node_modules_next_dist_1e8vcs8._.js:776
[  315105ms] [LOG] [Fast Refresh] done in 44ms @ http://localhost:3000/_next/static/chunks/node_modules_next_dist_1e8vcs8._.js:776
[  315142ms] [LOG] [Fast Refresh] done in 44ms @ http://localhost:3000/_next/static/chunks/node_modules_next_dist_1e8vcs8._.js:776
[  315180ms] [LOG] [Fast Refresh] done in 44ms @ http://localhost:3000/_next/static/chunks/node_modules_next_dist_1e8vcs8._.js:776
[  315219ms] [LOG] [Fast Refresh] done in 44ms @ http://localhost:3000/_next/static/chunks/node_modules_next_dist_1e8vcs8._.js:776
[  315256ms] [LOG] [Fast Refresh] done in 44ms @ http://localhost:3000/_next/static/chunks/node_modules_next_dist_1e8vcs8._.js:776
[  315295ms] [LOG] [Fast Refresh] done in 44ms @ http://localhost:3000/_next/static/chunks/node_modules_next_dist_1e8vcs8._.js:776
[  315334ms] [LOG] [Fast Refresh] done in 44ms @ http://localhost:3000/_next/static/chunks/node_modules_next_dist_1e8vcs8._.js:776
[  315373ms] [LOG] [Fast Refresh] done in 44ms @ http://localhost:3000/_next/static/chunks/node_modules_next_dist_1e8vcs8._.js:776
[  315410ms] [LOG] [Fast Refresh] done in 44ms @ http://localhost:3000/_next/static/chunks/node_modules_next_dist_1e8vcs8._.js:776
[  315447ms] [LOG] [Fast Refresh] done in 44ms @ http://localhost:3000/_next/static/chunks/node_modules_next_dist_1e8vcs8._.js:776
[  315483ms] [LOG] [Fast Refresh] done in 44ms @ http://localhost:3000/_next/static/chunks/node_modules_next_dist_1e8vcs8._.js:776
[  315522ms] [LOG] [Fast Refresh] done in 44ms @ http://localhost:3000/_next/static/chunks/node_modules_next_dist_1e8vcs8._.js:776
[  315560ms] [LOG] [Fast Refresh] done in 44ms @ http://localhost:3000/_next/static/chunks/node_modules_next_dist_1e8vcs8._.js:776
[  315598ms] [LOG] [Fast Refresh] done in 44ms @ http://localhost:3000/_next/static/chunks/node_modules_next_dist_1e8vcs8._.js:776
[  315635ms] [LOG] [Fast Refresh] done in 44ms @ http://localhost:3000/_next/static/chunks/node_modules_next_dist_1e8vcs8._.js:776
[  315672ms] [LOG] [Fast Refresh] done in 44ms @ http://localhost:3000/_next/static/chunks/node_modules_next_dist_1e8vcs8._.js:776
[  315709ms] [LOG] [Fast Refresh] done in 44ms @ http://localhost:3000/_next/static/chunks/node_modules_next_dist_1e8vcs8._.js:776
[  315747ms] [LOG] [Fast Refresh] done in 44ms @ http://localhost:3000/_next/static/chunks/node_modules_next_dist_1e8vcs8._.js:776
[  315783ms] [LOG] [Fast Refresh] done in 44ms @ http://localhost:3000/_next/static/chunks/node_modules_next_dist_1e8vcs8._.js:776
[  315821ms] [LOG] [Fast Refresh] done in 44ms @ http://localhost:3000/_next/static/chunks/node_modules_next_dist_1e8vcs8._.js:776
[  315858ms] [LOG] [Fast Refresh] done in 44ms @ http://localhost:3000/_next/static/chunks/node_modules_next_dist_1e8vcs8._.js:776
[  315896ms] [LOG] [Fast Refresh] done in 44ms @ http://localhost:3000/_next/static/chunks/node_modules_next_dist_1e8vcs8._.js:776
[  315933ms] [LOG] [Fast Refresh] done in 44ms @ http://localhost:3000/_next/static/chunks/node_modules_next_dist_1e8vcs8._.js:776
[  315969ms] [LOG] [Fast Refresh] done in 44ms @ http://localhost:3000/_next/static/chunks/node_modules_next_dist_1e8vcs8._.js:776
[  316009ms] [LOG] [Fast Refresh] done in 44ms @ http://localhost:3000/_next/static/chunks/node_modules_next_dist_1e8vcs8._.js:776
[  316048ms] [LOG] [Fast Refresh] done in 44ms @ http://localhost:3000/_next/static/chunks/node_modules_next_dist_1e8vcs8._.js:776
[  316086ms] [LOG] [Fast Refresh] done in 44ms @ http://localhost:3000/_next/static/chunks/node_modules_next_dist_1e8vcs8._.js:776
[  316123ms] [LOG] [Fast Refresh] done in 44ms @ http://localhost:3000/_next/static/chunks/node_modules_next_dist_1e8vcs8._.js:776
[  316161ms] [LOG] [Fast Refresh] done in 44ms @ http://localhost:3000/_next/static/chunks/node_modules_next_dist_1e8vcs8._.js:776
[  316199ms] [LOG] [Fast Refresh] done in 44ms @ http://localhost:3000/_next/static/chunks/node_modules_next_dist_1e8vcs8._.js:776
[  316237ms] [LOG] [Fast Refresh] done in 44ms @ http://localhost:3000/_next/static/chunks/node_modules_next_dist_1e8vcs8._.js:776
[  316274ms] [LOG] [Fast Refresh] done in 44ms @ http://localhost:3000/_next/static/chunks/node_modules_next_dist_1e8vcs8._.js:776
[  316313ms] [LOG] [Fast Refresh] done in 44ms @ http://localhost:3000/_next/static/chunks/node_modules_next_dist_1e8vcs8._.js:776
[  316349ms] [LOG] [Fast Refresh] done in 44ms @ http://localhost:3000/_next/static/chunks/node_modules_next_dist_1e8vcs8._.js:776
[  316389ms] [LOG] [Fast Refresh] done in 44ms @ http://localhost:3000/_next/static/chunks/node_modules_next_dist_1e8vcs8._.js:776
[  316429ms] [LOG] [Fast Refresh] done in 44ms @ http://localhost:3000/_next/static/chunks/node_modules_next_dist_1e8vcs8._.js:776
[  316467ms] [LOG] [Fast Refresh] done in 44ms @ http://localhost:3000/_next/static/chunks/node_modules_next_dist_1e8vcs8._.js:776
[  316505ms] [LOG] [Fast Refresh] done in 44ms @ http://localhost:3000/_next/static/chunks/node_modules_next_dist_1e8vcs8._.js:776
[  316543ms] [LOG] [Fast Refresh] done in 44ms @ http://localhost:3000/_next/static/chunks/node_modules_next_dist_1e8vcs8._.js:776
[  316582ms] [LOG] [Fast Refresh] done in 44ms @ http://localhost:3000/_next/static/chunks/node_modules_next_dist_1e8vcs8._.js:776
[  316620ms] [LOG] [Fast Refresh] done in 44ms @ http://localhost:3000/_next/static/chunks/node_modules_next_dist_1e8vcs8._.js:776
[  316659ms] [LOG] [Fast Refresh] done in 44ms @ http://localhost:3000/_next/static/chunks/node_modules_next_dist_1e8vcs8._.js:776
[  316697ms] [LOG] [Fast Refresh] done in 44ms @ http://localhost:3000/_next/static/chunks/node_modules_next_dist_1e8vcs8._.js:776
[  316735ms] [LOG] [Fast Refresh] done in 44ms @ http://localhost:3000/_next/static/chunks/node_modules_next_dist_1e8vcs8._.js:776
[  316772ms] [LOG] [Fast Refresh] done in 44ms @ http://localhost:3000/_next/static/chunks/node_modules_next_dist_1e8vcs8._.js:776
[  316810ms] [LOG] [Fast Refresh] done in 44ms @ http://localhost:3000/_next/static/chunks/node_modules_next_dist_1e8vcs8._.js:776
[  316853ms] [LOG] [Fast Refresh] done in 44ms @ http://localhost:3000/_next/static/chunks/node_modules_next_dist_1e8vcs8._.js:776
[  316892ms] [LOG] [Fast Refresh] done in 44ms @ http://localhost:3000/_next/static/chunks/node_modules_next_dist_1e8vcs8._.js:776
[  316931ms] [LOG] [Fast Refresh] done in 44ms @ http://localhost:3000/_next/static/chunks/node_modules_next_dist_1e8vcs8._.js:776
[  316968ms] [LOG] [Fast Refresh] done in 44ms @ http://localhost:3000/_next/static/chunks/node_modules_next_dist_1e8vcs8._.js:776
[  317005ms] [LOG] [Fast Refresh] done in 44ms @ http://localhost:3000/_next/static/chunks/node_modules_next_dist_1e8vcs8._.js:776
[  317043ms] [LOG] [Fast Refresh] done in 44ms @ http://localhost:3000/_next/static/chunks/node_modules_next_dist_1e8vcs8._.js:776
[  317082ms] [LOG] [Fast Refresh] done in 44ms @ http://localhost:3000/_next/static/chunks/node_modules_next_dist_1e8vcs8._.js:776
[  317120ms] [LOG] [Fast Refresh] done in 44ms @ http://localhost:3000/_next/static/chunks/node_modules_next_dist_1e8vcs8._.js:776
[  317157ms] [LOG] [Fast Refresh] done in 44ms @ http://localhost:3000/_next/static/chunks/node_modules_next_dist_1e8vcs8._.js:776
[  317194ms] [LOG] [Fast Refresh] done in 44ms @ http://localhost:3000/_next/static/chunks/node_modules_next_dist_1e8vcs8._.js:776
[  317232ms] [LOG] [Fast Refresh] done in 44ms @ http://localhost:3000/_next/static/chunks/node_modules_next_dist_1e8vcs8._.js:776
[  317271ms] [LOG] [Fast Refresh] done in 44ms @ http://localhost:3000/_next/static/chunks/node_modules_next_dist_1e8vcs8._.js:776
[  317310ms] [LOG] [Fast Refresh] done in 44ms @ http://localhost:3000/_next/static/chunks/node_modules_next_dist_1e8vcs8._.js:776
[  317348ms] [LOG] [Fast Refresh] done in 44ms @ http://localhost:3000/_next/static/chunks/node_modules_next_dist_1e8vcs8._.js:776
[  317384ms] [LOG] [Fast Refresh] done in 44ms @ http://localhost:3000/_next/static/chunks/node_modules_next_dist_1e8vcs8._.js:776
[  317423ms] [LOG] [Fast Refresh] done in 44ms @ http://localhost:3000/_next/static/chunks/node_modules_next_dist_1e8vcs8._.js:776
[  317461ms] [LOG] [Fast Refresh] done in 44ms @ http://localhost:3000/_next/static/chunks/node_modules_next_dist_1e8vcs8._.js:776
[  317500ms] [LOG] [Fast Refresh] done in 44ms @ http://localhost:3000/_next/static/chunks/node_modules_next_dist_1e8vcs8._.js:776
[  317539ms] [LOG] [Fast Refresh] done in 44ms @ http://localhost:3000/_next/static/chunks/node_modules_next_dist_1e8vcs8._.js:776
[  317577ms] [LOG] [Fast Refresh] done in 44ms @ http://localhost:3000/_next/static/chunks/node_modules_next_dist_1e8vcs8._.js:776
[  317618ms] [LOG] [Fast Refresh] done in 44ms @ http://localhost:3000/_next/static/chunks/node_modules_next_dist_1e8vcs8._.js:776
[  317655ms] [LOG] [Fast Refresh] done in 44ms @ http://localhost:3000/_next/static/chunks/node_modules_next_dist_1e8vcs8._.js:776
[  317693ms] [LOG] [Fast Refresh] done in 44ms @ http://localhost:3000/_next/static/chunks/node_modules_next_dist_1e8vcs8._.js:776
[  317731ms] [LOG] [Fast Refresh] done in 44ms @ http://localhost:3000/_next/static/chunks/node_modules_next_dist_1e8vcs8._.js:776
[  317767ms] [LOG] [Fast Refresh] done in 44ms @ http://localhost:3000/_next/static/chunks/node_modules_next_dist_1e8vcs8._.js:776
[  317804ms] [LOG] [Fast Refresh] done in 44ms @ http://localhost:3000/_next/static/chunks/node_modules_next_dist_1e8vcs8._.js:776
[  317842ms] [LOG] [Fast Refresh] done in 44ms @ http://localhost:3000/_next/static/chunks/node_modules_next_dist_1e8vcs8._.js:776
[  317879ms] [LOG] [Fast Refresh] done in 44ms @ http://localhost:3000/_next/static/chunks/node_modules_next_dist_1e8vcs8._.js:776
[  317918ms] [LOG] [Fast Refresh] done in 44ms @ http://localhost:3000/_next/static/chunks/node_modules_next_dist_1e8vcs8._.js:776
[  317955ms] [LOG] [Fast Refresh] done in 44ms @ http://localhost:3000/_next/static/chunks/node_modules_next_dist_1e8vcs8._.js:776
[  317993ms] [LOG] [Fast Refresh] done in 44ms @ http://localhost:3000/_next/static/chunks/node_modules_next_dist_1e8vcs8._.js:776
[  318029ms] [LOG] [Fast Refresh] done in 44ms @ http://localhost:3000/_next/static/chunks/node_modules_next_dist_1e8vcs8._.js:776
[  318068ms] [LOG] [Fast Refresh] done in 44ms @ http://localhost:3000/_next/static/chunks/node_modules_next_dist_1e8vcs8._.js:776
[  318104ms] [LOG] [Fast Refresh] done in 44ms @ http://localhost:3000/_next/static/chunks/node_modules_next_dist_1e8vcs8._.js:776
[  318141ms] [LOG] [Fast Refresh] done in 44ms @ http://localhost:3000/_next/static/chunks/node_modules_next_dist_1e8vcs8._.js:776
[  318181ms] [LOG] [Fast Refresh] done in 44ms @ http://localhost:3000/_next/static/chunks/node_modules_next_dist_1e8vcs8._.js:776
[  318219ms] [LOG] [Fast Refresh] done in 44ms @ http://localhost:3000/_next/static/chunks/node_modules_next_dist_1e8vcs8._.js:776
[  318257ms] [LOG] [Fast Refresh] done in 44ms @ http://localhost:3000/_next/static/chunks/node_modules_next_dist_1e8vcs8._.js:776
[  318295ms] [LOG] [Fast Refresh] done in 44ms @ http://localhost:3000/_next/static/chunks/node_modules_next_dist_1e8vcs8._.js:776
[  318332ms] [LOG] [Fast Refresh] done in 44ms @ http://localhost:3000/_next/static/chunks/node_modules_next_dist_1e8vcs8._.js:776
[  318369ms] [LOG] [Fast Refresh] done in 44ms @ http://localhost:3000/_next/static/chunks/node_modules_next_dist_1e8vcs8._.js:776
[  318407ms] [LOG] [Fast Refresh] done in 44ms @ http://localhost:3000/_next/static/chunks/node_modules_next_dist_1e8vcs8._.js:776
[  318445ms] [LOG] [Fast Refresh] done in 44ms @ http://localhost:3000/_next/static/chunks/node_modules_next_dist_1e8vcs8._.js:776
[  318482ms] [LOG] [Fast Refresh] done in 44ms @ http://localhost:3000/_next/static/chunks/node_modules_next_dist_1e8vcs8._.js:776
[  318519ms] [LOG] [Fast Refresh] done in 44ms @ http://localhost:3000/_next/static/chunks/node_modules_next_dist_1e8vcs8._.js:776
[  318556ms] [LOG] [Fast Refresh] done in 44ms @ http://localhost:3000/_next/static/chunks/node_modules_next_dist_1e8vcs8._.js:776
[  318593ms] [LOG] [Fast Refresh] done in 44ms @ http://localhost:3000/_next/static/chunks/node_modules_next_dist_1e8vcs8._.js:776
[  318632ms] [LOG] [Fast Refresh] done in 44ms @ http://localhost:3000/_next/static/chunks/node_modules_next_dist_1e8vcs8._.js:776
[  318668ms] [LOG] [Fast Refresh] done in 44ms @ http://localhost:3000/_next/static/chunks/node_modules_next_dist_1e8vcs8._.js:776
[  318707ms] [LOG] [Fast Refresh] done in 44ms @ http://localhost:3000/_next/static/chunks/node_modules_next_dist_1e8vcs8._.js:776
[  318744ms] [LOG] [Fast Refresh] done in 44ms @ http://localhost:3000/_next/static/chunks/node_modules_next_dist_1e8vcs8._.js:776
[  318782ms] [LOG] [Fast Refresh] done in 44ms @ http://localhost:3000/_next/static/chunks/node_modules_next_dist_1e8vcs8._.js:776
[  318819ms] [LOG] [Fast Refresh] done in 44ms @ http://localhost:3000/_next/static/chunks/node_modules_next_dist_1e8vcs8._.js:776
[  318857ms] [LOG] [Fast Refresh] done in 44ms @ http://localhost:3000/_next/static/chunks/node_modules_next_dist_1e8vcs8._.js:776
[  318893ms] [LOG] [Fast Refresh] done in 44ms @ http://localhost:3000/_next/static/chunks/node_modules_next_dist_1e8vcs8._.js:776
[  318932ms] [LOG] [Fast Refresh] done in 44ms @ http://localhost:3000/_next/static/chunks/node_modules_next_dist_1e8vcs8._.js:776
[  318969ms] [LOG] [Fast Refresh] done in 44ms @ http://localhost:3000/_next/static/chunks/node_modules_next_dist_1e8vcs8._.js:776
[  319008ms] [LOG] [Fast Refresh] done in 44ms @ http://localhost:3000/_next/static/chunks/node_modules_next_dist_1e8vcs8._.js:776
[  319045ms] [LOG] [Fast Refresh] done in 44ms @ http://localhost:3000/_next/static/chunks/node_modules_next_dist_1e8vcs8._.js:776
[  319083ms] [LOG] [Fast Refresh] done in 44ms @ http://localhost:3000/_next/static/chunks/node_modules_next_dist_1e8vcs8._.js:776
[  319124ms] [LOG] [Fast Refresh] done in 44ms @ http://localhost:3000/_next/static/chunks/node_modules_next_dist_1e8vcs8._.js:776
[  319166ms] [LOG] [Fast Refresh] done in 44ms @ http://localhost:3000/_next/static/chunks/node_modules_next_dist_1e8vcs8._.js:776
[  319206ms] [LOG] [Fast Refresh] done in 44ms @ http://localhost:3000/_next/static/chunks/node_modules_next_dist_1e8vcs8._.js:776
[  319245ms] [LOG] [Fast Refresh] done in 44ms @ http://localhost:3000/_next/static/chunks/node_modules_next_dist_1e8vcs8._.js:776
[  319283ms] [LOG] [Fast Refresh] done in 44ms @ http://localhost:3000/_next/static/chunks/node_modules_next_dist_1e8vcs8._.js:776
[  319323ms] [LOG] [Fast Refresh] done in 44ms @ http://localhost:3000/_next/static/chunks/node_modules_next_dist_1e8vcs8._.js:776
[  319362ms] [LOG] [Fast Refresh] done in 44ms @ http://localhost:3000/_next/static/chunks/node_modules_next_dist_1e8vcs8._.js:776
[  319400ms] [LOG] [Fast Refresh] done in 44ms @ http://localhost:3000/_next/static/chunks/node_modules_next_dist_1e8vcs8._.js:776
[  319437ms] [LOG] [Fast Refresh] done in 44ms @ http://localhost:3000/_next/static/chunks/node_modules_next_dist_1e8vcs8._.js:776
[  319477ms] [LOG] [Fast Refresh] done in 44ms @ http://localhost:3000/_next/static/chunks/node_modules_next_dist_1e8vcs8._.js:776
[  319515ms] [LOG] [Fast Refresh] done in 44ms @ http://localhost:3000/_next/static/chunks/node_modules_next_dist_1e8vcs8._.js:776
[  319555ms] [LOG] [Fast Refresh] done in 44ms @ http://localhost:3000/_next/static/chunks/node_modules_next_dist_1e8vcs8._.js:776
[  319593ms] [LOG] [Fast Refresh] done in 44ms @ http://localhost:3000/_next/static/chunks/node_modules_next_dist_1e8vcs8._.js:776
[  319646ms] [LOG] [Fast Refresh] done in 44ms @ http://localhost:3000/_next/static/chunks/node_modules_next_dist_1e8vcs8._.js:776
[  319724ms] [INFO] %cDownload the React DevTools for a better development experience: https://react.dev/link/react-devtools font-weight:bold @ http://localhost:3000/_next/static/chunks/node_modules_next_dist_1e8vcs8._.js:776
[  319786ms] [LOG] [HMR] connected @ http://localhost:3000/_next/static/chunks/node_modules_next_dist_1e8vcs8._.js:776
[  350401ms] [VERBOSE] [DOM] Password field is not contained in a form: (More info: https://goo.gl/9p2vKq) %o @ http://localhost:3000/onboarding:0
[  366638ms] [ERROR] In HTML, %s cannot be a descendant of <%s>.
This will cause a hydration error.%s <div> p 

  ...
    <OnboardingPage params={Promise} searchParams={Promise}>
      <SolicitudFlow>
        <PostOfertaShell>
          <div className="mx-auto ma...">
            <div>
            <div>
            <div className="mt-6 anima...">
              <PantallaTokenizacion>
                <div className="space-y-5">
                  <Card>
                    <section className={"rounded-..."}>
                      <CardHeader>
                      <div className="space-y-4 ...">
                        <div>
                        <ul className="space-y-2">
                          <li>
                          <li className="rounded-xl...">
                            <div className="flex flex-...">
                              <div className="flex min-w...">
                                <span>
                                <div className="min-w-0">
>                                 <p className="flex items-center gap-2 text-sm font-bold text-ink-900">
                                    <LogoMarcaCompacto marca="Mastercard">
                                      <div className="flex items...">
>                                       <div className="h-4 w-4 rounded-full bg-[#EB001B]">
                                        ...
                                    ...
                                  ...
                              ...
                        ...
                  ...
            ...
 @ http://localhost:3000/_next/static/chunks/node_modules_next_dist_1e8vcs8._.js:1052
[  366638ms] [ERROR] <%s> cannot contain a nested %s.
See this log for the ancestor stack trace. p <div> @ http://localhost:3000/_next/static/chunks/node_modules_next_dist_1e8vcs8._.js:1052
[  390387ms] [LOG] [Fast Refresh] rebuilding @ http://localhost:3000/_next/static/chunks/node_modules_next_dist_1e8vcs8._.js:776
[  390498ms] [LOG] [Fast Refresh] done in 62ms @ http://localhost:3000/_next/static/chunks/node_modules_next_dist_1e8vcs8._.js:776
[  390552ms] [LOG] [Fast Refresh] done in 62ms @ http://localhost:3000/_next/static/chunks/node_modules_next_dist_1e8vcs8._.js:776
[  390588ms] [LOG] [Fast Refresh] done in 62ms @ http://localhost:3000/_next/static/chunks/node_modules_next_dist_1e8vcs8._.js:776
[  390629ms] [LOG] [Fast Refresh] done in 62ms @ http://localhost:3000/_next/static/chunks/node_modules_next_dist_1e8vcs8._.js:776
[  390670ms] [LOG] [Fast Refresh] done in 62ms @ http://localhost:3000/_next/static/chunks/node_modules_next_dist_1e8vcs8._.js:776
[  390710ms] [LOG] [Fast Refresh] done in 62ms @ http://localhost:3000/_next/static/chunks/node_modules_next_dist_1e8vcs8._.js:776
[  390753ms] [LOG] [Fast Refresh] done in 62ms @ http://localhost:3000/_next/static/chunks/node_modules_next_dist_1e8vcs8._.js:776
[  390791ms] [LOG] [Fast Refresh] done in 62ms @ http://localhost:3000/_next/static/chunks/node_modules_next_dist_1e8vcs8._.js:776
[  390831ms] [LOG] [Fast Refresh] done in 62ms @ http://localhost:3000/_next/static/chunks/node_modules_next_dist_1e8vcs8._.js:776
[  390869ms] [LOG] [Fast Refresh] done in 62ms @ http://localhost:3000/_next/static/chunks/node_modules_next_dist_1e8vcs8._.js:776
[  390907ms] [LOG] [Fast Refresh] done in 62ms @ http://localhost:3000/_next/static/chunks/node_modules_next_dist_1e8vcs8._.js:776
[  390944ms] [LOG] [Fast Refresh] done in 62ms @ http://localhost:3000/_next/static/chunks/node_modules_next_dist_1e8vcs8._.js:776
[  390982ms] [LOG] [Fast Refresh] done in 62ms @ http://localhost:3000/_next/static/chunks/node_modules_next_dist_1e8vcs8._.js:776
[  391019ms] [LOG] [Fast Refresh] done in 62ms @ http://localhost:3000/_next/static/chunks/node_modules_next_dist_1e8vcs8._.js:776
[  391058ms] [LOG] [Fast Refresh] done in 62ms @ http://localhost:3000/_next/static/chunks/node_modules_next_dist_1e8vcs8._.js:776
[  391096ms] [LOG] [Fast Refresh] done in 62ms @ http://localhost:3000/_next/static/chunks/node_modules_next_dist_1e8vcs8._.js:776
[  391134ms] [LOG] [Fast Refresh] done in 62ms @ http://localhost:3000/_next/static/chunks/node_modules_next_dist_1e8vcs8._.js:776
[  391174ms] [LOG] [Fast Refresh] done in 62ms @ http://localhost:3000/_next/static/chunks/node_modules_next_dist_1e8vcs8._.js:776
[  391211ms] [LOG] [Fast Refresh] done in 62ms @ http://localhost:3000/_next/static/chunks/node_modules_next_dist_1e8vcs8._.js:776
[  391247ms] [LOG] [Fast Refresh] done in 62ms @ http://localhost:3000/_next/static/chunks/node_modules_next_dist_1e8vcs8._.js:776
[  391285ms] [LOG] [Fast Refresh] done in 62ms @ http://localhost:3000/_next/static/chunks/node_modules_next_dist_1e8vcs8._.js:776
[  391323ms] [LOG] [Fast Refresh] done in 62ms @ http://localhost:3000/_next/static/chunks/node_modules_next_dist_1e8vcs8._.js:776
[  391362ms] [LOG] [Fast Refresh] done in 62ms @ http://localhost:3000/_next/static/chunks/node_modules_next_dist_1e8vcs8._.js:776
[  391399ms] [LOG] [Fast Refresh] done in 62ms @ http://localhost:3000/_next/static/chunks/node_modules_next_dist_1e8vcs8._.js:776
[  391437ms] [LOG] [Fast Refresh] done in 62ms @ http://localhost:3000/_next/static/chunks/node_modules_next_dist_1e8vcs8._.js:776
[  391474ms] [LOG] [Fast Refresh] done in 62ms @ http://localhost:3000/_next/static/chunks/node_modules_next_dist_1e8vcs8._.js:776
[  391514ms] [LOG] [Fast Refresh] done in 62ms @ http://localhost:3000/_next/static/chunks/node_modules_next_dist_1e8vcs8._.js:776
[  391551ms] [LOG] [Fast Refresh] done in 62ms @ http://localhost:3000/_next/static/chunks/node_modules_next_dist_1e8vcs8._.js:776
[  391589ms] [LOG] [Fast Refresh] done in 62ms @ http://localhost:3000/_next/static/chunks/node_modules_next_dist_1e8vcs8._.js:776
[  391626ms] [LOG] [Fast Refresh] done in 62ms @ http://localhost:3000/_next/static/chunks/node_modules_next_dist_1e8vcs8._.js:776
[  391664ms] [LOG] [Fast Refresh] done in 62ms @ http://localhost:3000/_next/static/chunks/node_modules_next_dist_1e8vcs8._.js:776
[  391702ms] [LOG] [Fast Refresh] done in 62ms @ http://localhost:3000/_next/static/chunks/node_modules_next_dist_1e8vcs8._.js:776
[  391739ms] [LOG] [Fast Refresh] done in 62ms @ http://localhost:3000/_next/static/chunks/node_modules_next_dist_1e8vcs8._.js:776
[  391776ms] [LOG] [Fast Refresh] done in 62ms @ http://localhost:3000/_next/static/chunks/node_modules_next_dist_1e8vcs8._.js:776
[  391814ms] [LOG] [Fast Refresh] done in 62ms @ http://localhost:3000/_next/static/chunks/node_modules_next_dist_1e8vcs8._.js:776
[  391852ms] [LOG] [Fast Refresh] done in 62ms @ http://localhost:3000/_next/static/chunks/node_modules_next_dist_1e8vcs8._.js:776
[  391891ms] [LOG] [Fast Refresh] done in 62ms @ http://localhost:3000/_next/static/chunks/node_modules_next_dist_1e8vcs8._.js:776
[  391930ms] [LOG] [Fast Refresh] done in 62ms @ http://localhost:3000/_next/static/chunks/node_modules_next_dist_1e8vcs8._.js:776
[  391971ms] [LOG] [Fast Refresh] done in 62ms @ http://localhost:3000/_next/static/chunks/node_modules_next_dist_1e8vcs8._.js:776
[  392009ms] [LOG] [Fast Refresh] done in 62ms @ http://localhost:3000/_next/static/chunks/node_modules_next_dist_1e8vcs8._.js:776
[  392047ms] [LOG] [Fast Refresh] done in 62ms @ http://localhost:3000/_next/static/chunks/node_modules_next_dist_1e8vcs8._.js:776
[  392084ms] [LOG] [Fast Refresh] done in 62ms @ http://localhost:3000/_next/static/chunks/node_modules_next_dist_1e8vcs8._.js:776
[  392123ms] [LOG] [Fast Refresh] done in 62ms @ http://localhost:3000/_next/static/chunks/node_modules_next_dist_1e8vcs8._.js:776
[  392161ms] [LOG] [Fast Refresh] done in 62ms @ http://localhost:3000/_next/static/chunks/node_modules_next_dist_1e8vcs8._.js:776
[  392199ms] [LOG] [Fast Refresh] done in 62ms @ http://localhost:3000/_next/static/chunks/node_modules_next_dist_1e8vcs8._.js:776
[  392236ms] [LOG] [Fast Refresh] done in 62ms @ http://localhost:3000/_next/static/chunks/node_modules_next_dist_1e8vcs8._.js:776
[  392273ms] [LOG] [Fast Refresh] done in 62ms @ http://localhost:3000/_next/static/chunks/node_modules_next_dist_1e8vcs8._.js:776
[  392311ms] [LOG] [Fast Refresh] done in 62ms @ http://localhost:3000/_next/static/chunks/node_modules_next_dist_1e8vcs8._.js:776
[  392349ms] [LOG] [Fast Refresh] done in 62ms @ http://localhost:3000/_next/static/chunks/node_modules_next_dist_1e8vcs8._.js:776
[  392387ms] [LOG] [Fast Refresh] done in 62ms @ http://localhost:3000/_next/static/chunks/node_modules_next_dist_1e8vcs8._.js:776
[  392426ms] [LOG] [Fast Refresh] done in 62ms @ http://localhost:3000/_next/static/chunks/node_modules_next_dist_1e8vcs8._.js:776
[  392464ms] [LOG] [Fast Refresh] done in 62ms @ http://localhost:3000/_next/static/chunks/node_modules_next_dist_1e8vcs8._.js:776
[  392503ms] [LOG] [Fast Refresh] done in 62ms @ http://localhost:3000/_next/static/chunks/node_modules_next_dist_1e8vcs8._.js:776
[  392539ms] [LOG] [Fast Refresh] done in 62ms @ http://localhost:3000/_next/static/chunks/node_modules_next_dist_1e8vcs8._.js:776
[  392576ms] [LOG] [Fast Refresh] done in 62ms @ http://localhost:3000/_next/static/chunks/node_modules_next_dist_1e8vcs8._.js:776
[  392613ms] [LOG] [Fast Refresh] done in 62ms @ http://localhost:3000/_next/static/chunks/node_modules_next_dist_1e8vcs8._.js:776
[  392651ms] [LOG] [Fast Refresh] done in 62ms @ http://localhost:3000/_next/static/chunks/node_modules_next_dist_1e8vcs8._.js:776
[  392689ms] [LOG] [Fast Refresh] done in 62ms @ http://localhost:3000/_next/static/chunks/node_modules_next_dist_1e8vcs8._.js:776
[  392728ms] [LOG] [Fast Refresh] done in 62ms @ http://localhost:3000/_next/static/chunks/node_modules_next_dist_1e8vcs8._.js:776
[  392764ms] [LOG] [Fast Refresh] done in 62ms @ http://localhost:3000/_next/static/chunks/node_modules_next_dist_1e8vcs8._.js:776
[  392802ms] [LOG] [Fast Refresh] done in 62ms @ http://localhost:3000/_next/static/chunks/node_modules_next_dist_1e8vcs8._.js:776
[  392840ms] [LOG] [Fast Refresh] done in 62ms @ http://localhost:3000/_next/static/chunks/node_modules_next_dist_1e8vcs8._.js:776
[  392878ms] [LOG] [Fast Refresh] done in 62ms @ http://localhost:3000/_next/static/chunks/node_modules_next_dist_1e8vcs8._.js:776
[  392914ms] [LOG] [Fast Refresh] done in 62ms @ http://localhost:3000/_next/static/chunks/node_modules_next_dist_1e8vcs8._.js:776
[  392953ms] [LOG] [Fast Refresh] done in 62ms @ http://localhost:3000/_next/static/chunks/node_modules_next_dist_1e8vcs8._.js:776
[  392992ms] [LOG] [Fast Refresh] done in 62ms @ http://localhost:3000/_next/static/chunks/node_modules_next_dist_1e8vcs8._.js:776
[  393029ms] [LOG] [Fast Refresh] done in 62ms @ http://localhost:3000/_next/static/chunks/node_modules_next_dist_1e8vcs8._.js:776
[  393067ms] [LOG] [Fast Refresh] done in 62ms @ http://localhost:3000/_next/static/chunks/node_modules_next_dist_1e8vcs8._.js:776
[  393105ms] [LOG] [Fast Refresh] done in 62ms @ http://localhost:3000/_next/static/chunks/node_modules_next_dist_1e8vcs8._.js:776
[  393143ms] [LOG] [Fast Refresh] done in 62ms @ http://localhost:3000/_next/static/chunks/node_modules_next_dist_1e8vcs8._.js:776
[  393181ms] [LOG] [Fast Refresh] done in 62ms @ http://localhost:3000/_next/static/chunks/node_modules_next_dist_1e8vcs8._.js:776
[  393221ms] [LOG] [Fast Refresh] done in 62ms @ http://localhost:3000/_next/static/chunks/node_modules_next_dist_1e8vcs8._.js:776
[  393257ms] [LOG] [Fast Refresh] done in 62ms @ http://localhost:3000/_next/static/chunks/node_modules_next_dist_1e8vcs8._.js:776
[  393293ms] [LOG] [Fast Refresh] done in 62ms @ http://localhost:3000/_next/static/chunks/node_modules_next_dist_1e8vcs8._.js:776
[  393331ms] [LOG] [Fast Refresh] done in 62ms @ http://localhost:3000/_next/static/chunks/node_modules_next_dist_1e8vcs8._.js:776
[  393368ms] [LOG] [Fast Refresh] done in 62ms @ http://localhost:3000/_next/static/chunks/node_modules_next_dist_1e8vcs8._.js:776
[  393406ms] [LOG] [Fast Refresh] done in 62ms @ http://localhost:3000/_next/static/chunks/node_modules_next_dist_1e8vcs8._.js:776
[  393445ms] [LOG] [Fast Refresh] done in 62ms @ http://localhost:3000/_next/static/chunks/node_modules_next_dist_1e8vcs8._.js:776
[  393483ms] [LOG] [Fast Refresh] done in 62ms @ http://localhost:3000/_next/static/chunks/node_modules_next_dist_1e8vcs8._.js:776
[  393522ms] [LOG] [Fast Refresh] done in 62ms @ http://localhost:3000/_next/static/chunks/node_modules_next_dist_1e8vcs8._.js:776
[  393559ms] [LOG] [Fast Refresh] done in 62ms @ http://localhost:3000/_next/static/chunks/node_modules_next_dist_1e8vcs8._.js:776
[  393596ms] [LOG] [Fast Refresh] done in 62ms @ http://localhost:3000/_next/static/chunks/node_modules_next_dist_1e8vcs8._.js:776
[  393634ms] [LOG] [Fast Refresh] done in 62ms @ http://localhost:3000/_next/static/chunks/node_modules_next_dist_1e8vcs8._.js:776
[  393671ms] [LOG] [Fast Refresh] done in 62ms @ http://localhost:3000/_next/static/chunks/node_modules_next_dist_1e8vcs8._.js:776
[  393709ms] [LOG] [Fast Refresh] done in 62ms @ http://localhost:3000/_next/static/chunks/node_modules_next_dist_1e8vcs8._.js:776
[  393747ms] [LOG] [Fast Refresh] done in 62ms @ http://localhost:3000/_next/static/chunks/node_modules_next_dist_1e8vcs8._.js:776
[  393784ms] [LOG] [Fast Refresh] done in 62ms @ http://localhost:3000/_next/static/chunks/node_modules_next_dist_1e8vcs8._.js:776
[  393824ms] [LOG] [Fast Refresh] done in 62ms @ http://localhost:3000/_next/static/chunks/node_modules_next_dist_1e8vcs8._.js:776
[  393861ms] [LOG] [Fast Refresh] done in 62ms @ http://localhost:3000/_next/static/chunks/node_modules_next_dist_1e8vcs8._.js:776
[  393898ms] [LOG] [Fast Refresh] done in 62ms @ http://localhost:3000/_next/static/chunks/node_modules_next_dist_1e8vcs8._.js:776
[  393935ms] [LOG] [Fast Refresh] done in 62ms @ http://localhost:3000/_next/static/chunks/node_modules_next_dist_1e8vcs8._.js:776
[  393973ms] [LOG] [Fast Refresh] done in 62ms @ http://localhost:3000/_next/static/chunks/node_modules_next_dist_1e8vcs8._.js:776
[  394010ms] [LOG] [Fast Refresh] done in 62ms @ http://localhost:3000/_next/static/chunks/node_modules_next_dist_1e8vcs8._.js:776
[  394048ms] [LOG] [Fast Refresh] done in 62ms @ http://localhost:3000/_next/static/chunks/node_modules_next_dist_1e8vcs8._.js:776
[  394085ms] [LOG] [Fast Refresh] done in 62ms @ http://localhost:3000/_next/static/chunks/node_modules_next_dist_1e8vcs8._.js:776
[  394124ms] [LOG] [Fast Refresh] done in 62ms @ http://localhost:3000/_next/static/chunks/node_modules_next_dist_1e8vcs8._.js:776
[  394161ms] [LOG] [Fast Refresh] done in 62ms @ http://localhost:3000/_next/static/chunks/node_modules_next_dist_1e8vcs8._.js:776
[  394199ms] [LOG] [Fast Refresh] done in 62ms @ http://localhost:3000/_next/static/chunks/node_modules_next_dist_1e8vcs8._.js:776
[  394236ms] [LOG] [Fast Refresh] done in 62ms @ http://localhost:3000/_next/static/chunks/node_modules_next_dist_1e8vcs8._.js:776
[  394273ms] [LOG] [Fast Refresh] done in 62ms @ http://localhost:3000/_next/static/chunks/node_modules_next_dist_1e8vcs8._.js:776
[  394310ms] [LOG] [Fast Refresh] done in 62ms @ http://localhost:3000/_next/static/chunks/node_modules_next_dist_1e8vcs8._.js:776
[  394348ms] [LOG] [Fast Refresh] done in 62ms @ http://localhost:3000/_next/static/chunks/node_modules_next_dist_1e8vcs8._.js:776
[  394385ms] [LOG] [Fast Refresh] done in 62ms @ http://localhost:3000/_next/static/chunks/node_modules_next_dist_1e8vcs8._.js:776
[  394421ms] [LOG] [Fast Refresh] done in 62ms @ http://localhost:3000/_next/static/chunks/node_modules_next_dist_1e8vcs8._.js:776
[  394459ms] [LOG] [Fast Refresh] done in 62ms @ http://localhost:3000/_next/static/chunks/node_modules_next_dist_1e8vcs8._.js:776
[  394496ms] [LOG] [Fast Refresh] done in 62ms @ http://localhost:3000/_next/static/chunks/node_modules_next_dist_1e8vcs8._.js:776
[  394534ms] [LOG] [Fast Refresh] done in 62ms @ http://localhost:3000/_next/static/chunks/node_modules_next_dist_1e8vcs8._.js:776
[  394571ms] [LOG] [Fast Refresh] done in 62ms @ http://localhost:3000/_next/static/chunks/node_modules_next_dist_1e8vcs8._.js:776
[  394610ms] [LOG] [Fast Refresh] done in 62ms @ http://localhost:3000/_next/static/chunks/node_modules_next_dist_1e8vcs8._.js:776
[  394649ms] [LOG] [Fast Refresh] done in 62ms @ http://localhost:3000/_next/static/chunks/node_modules_next_dist_1e8vcs8._.js:776
[  394688ms] [LOG] [Fast Refresh] done in 62ms @ http://localhost:3000/_next/static/chunks/node_modules_next_dist_1e8vcs8._.js:776
[  394726ms] [LOG] [Fast Refresh] done in 62ms @ http://localhost:3000/_next/static/chunks/node_modules_next_dist_1e8vcs8._.js:776
[  394766ms] [LOG] [Fast Refresh] done in 62ms @ http://localhost:3000/_next/static/chunks/node_modules_next_dist_1e8vcs8._.js:776
[  394806ms] [LOG] [Fast Refresh] done in 62ms @ http://localhost:3000/_next/static/chunks/node_modules_next_dist_1e8vcs8._.js:776
[  394848ms] [LOG] [Fast Refresh] done in 62ms @ http://localhost:3000/_next/static/chunks/node_modules_next_dist_1e8vcs8._.js:776
[  394891ms] [LOG] [Fast Refresh] done in 62ms @ http://localhost:3000/_next/static/chunks/node_modules_next_dist_1e8vcs8._.js:776
[  394932ms] [LOG] [Fast Refresh] done in 62ms @ http://localhost:3000/_next/static/chunks/node_modules_next_dist_1e8vcs8._.js:776
[  394970ms] [LOG] [Fast Refresh] done in 62ms @ http://localhost:3000/_next/static/chunks/node_modules_next_dist_1e8vcs8._.js:776
[  395009ms] [LOG] [Fast Refresh] done in 62ms @ http://localhost:3000/_next/static/chunks/node_modules_next_dist_1e8vcs8._.js:776
[  395050ms] [LOG] [Fast Refresh] done in 62ms @ http://localhost:3000/_next/static/chunks/node_modules_next_dist_1e8vcs8._.js:776
[  395089ms] [LOG] [Fast Refresh] done in 62ms @ http://localhost:3000/_next/static/chunks/node_modules_next_dist_1e8vcs8._.js:776
[  395126ms] [LOG] [Fast Refresh] done in 62ms @ http://localhost:3000/_next/static/chunks/node_modules_next_dist_1e8vcs8._.js:776
[  395164ms] [LOG] [Fast Refresh] done in 62ms @ http://localhost:3000/_next/static/chunks/node_modules_next_dist_1e8vcs8._.js:776
[  395203ms] [LOG] [Fast Refresh] done in 62ms @ http://localhost:3000/_next/static/chunks/node_modules_next_dist_1e8vcs8._.js:776
[  395243ms] [LOG] [Fast Refresh] done in 62ms @ http://localhost:3000/_next/static/chunks/node_modules_next_dist_1e8vcs8._.js:776
[  395282ms] [LOG] [Fast Refresh] done in 62ms @ http://localhost:3000/_next/static/chunks/node_modules_next_dist_1e8vcs8._.js:776
[  395321ms] [LOG] [Fast Refresh] done in 62ms @ http://localhost:3000/_next/static/chunks/node_modules_next_dist_1e8vcs8._.js:776
[  395358ms] [LOG] [Fast Refresh] done in 62ms @ http://localhost:3000/_next/static/chunks/node_modules_next_dist_1e8vcs8._.js:776
[  395397ms] [LOG] [Fast Refresh] done in 62ms @ http://localhost:3000/_next/static/chunks/node_modules_next_dist_1e8vcs8._.js:776
[  395437ms] [LOG] [Fast Refresh] done in 62ms @ http://localhost:3000/_next/static/chunks/node_modules_next_dist_1e8vcs8._.js:776
[  395475ms] [LOG] [Fast Refresh] done in 62ms @ http://localhost:3000/_next/static/chunks/node_modules_next_dist_1e8vcs8._.js:776
[  395514ms] [LOG] [Fast Refresh] done in 62ms @ http://localhost:3000/_next/static/chunks/node_modules_next_dist_1e8vcs8._.js:776
[  395554ms] [LOG] [Fast Refresh] done in 62ms @ http://localhost:3000/_next/static/chunks/node_modules_next_dist_1e8vcs8._.js:776
[  395594ms] [LOG] [Fast Refresh] done in 62ms @ http://localhost:3000/_next/static/chunks/node_modules_next_dist_1e8vcs8._.js:776
[  395634ms] [LOG] [Fast Refresh] done in 62ms @ http://localhost:3000/_next/static/chunks/node_modules_next_dist_1e8vcs8._.js:776
[  395674ms] [LOG] [Fast Refresh] done in 62ms @ http://localhost:3000/_next/static/chunks/node_modules_next_dist_1e8vcs8._.js:776
[  395711ms] [LOG] [Fast Refresh] done in 62ms @ http://localhost:3000/_next/static/chunks/node_modules_next_dist_1e8vcs8._.js:776
[  395748ms] [LOG] [Fast Refresh] done in 62ms @ http://localhost:3000/_next/static/chunks/node_modules_next_dist_1e8vcs8._.js:776
[  395786ms] [LOG] [Fast Refresh] done in 62ms @ http://localhost:3000/_next/static/chunks/node_modules_next_dist_1e8vcs8._.js:776
[  395824ms] [LOG] [Fast Refresh] done in 62ms @ http://localhost:3000/_next/static/chunks/node_modules_next_dist_1e8vcs8._.js:776
[  395861ms] [LOG] [Fast Refresh] done in 62ms @ http://localhost:3000/_next/static/chunks/node_modules_next_dist_1e8vcs8._.js:776
[  395898ms] [LOG] [Fast Refresh] done in 62ms @ http://localhost:3000/_next/static/chunks/node_modules_next_dist_1e8vcs8._.js:776
[  395937ms] [LOG] [Fast Refresh] done in 62ms @ http://localhost:3000/_next/static/chunks/node_modules_next_dist_1e8vcs8._.js:776
[  395974ms] [LOG] [Fast Refresh] done in 62ms @ http://localhost:3000/_next/static/chunks/node_modules_next_dist_1e8vcs8._.js:776
[  396013ms] [LOG] [Fast Refresh] done in 62ms @ http://localhost:3000/_next/static/chunks/node_modules_next_dist_1e8vcs8._.js:776
[  396054ms] [LOG] [Fast Refresh] done in 62ms @ http://localhost:3000/_next/static/chunks/node_modules_next_dist_1e8vcs8._.js:776
[  396094ms] [LOG] [Fast Refresh] done in 62ms @ http://localhost:3000/_next/static/chunks/node_modules_next_dist_1e8vcs8._.js:776
[  396137ms] [LOG] [Fast Refresh] done in 62ms @ http://localhost:3000/_next/static/chunks/node_modules_next_dist_1e8vcs8._.js:776
[  396174ms] [LOG] [Fast Refresh] done in 62ms @ http://localhost:3000/_next/static/chunks/node_modules_next_dist_1e8vcs8._.js:776
[  396214ms] [LOG] [Fast Refresh] done in 62ms @ http://localhost:3000/_next/static/chunks/node_modules_next_dist_1e8vcs8._.js:776
[  396251ms] [LOG] [Fast Refresh] done in 62ms @ http://localhost:3000/_next/static/chunks/node_modules_next_dist_1e8vcs8._.js:776
[  396290ms] [LOG] [Fast Refresh] done in 62ms @ http://localhost:3000/_next/static/chunks/node_modules_next_dist_1e8vcs8._.js:776
[  396329ms] [LOG] [Fast Refresh] done in 62ms @ http://localhost:3000/_next/static/chunks/node_modules_next_dist_1e8vcs8._.js:776
[  396366ms] [LOG] [Fast Refresh] done in 62ms @ http://localhost:3000/_next/static/chunks/node_modules_next_dist_1e8vcs8._.js:776
[  396404ms] [LOG] [Fast Refresh] done in 62ms @ http://localhost:3000/_next/static/chunks/node_modules_next_dist_1e8vcs8._.js:776
[  396442ms] [LOG] [Fast Refresh] done in 62ms @ http://localhost:3000/_next/static/chunks/node_modules_next_dist_1e8vcs8._.js:776
[  396482ms] [LOG] [Fast Refresh] done in 62ms @ http://localhost:3000/_next/static/chunks/node_modules_next_dist_1e8vcs8._.js:776
[  396519ms] [LOG] [Fast Refresh] done in 62ms @ http://localhost:3000/_next/static/chunks/node_modules_next_dist_1e8vcs8._.js:776
[  396557ms] [LOG] [Fast Refresh] done in 62ms @ http://localhost:3000/_next/static/chunks/node_modules_next_dist_1e8vcs8._.js:776
[  396594ms] [LOG] [Fast Refresh] done in 62ms @ http://localhost:3000/_next/static/chunks/node_modules_next_dist_1e8vcs8._.js:776
[  396633ms] [LOG] [Fast Refresh] done in 62ms @ http://localhost:3000/_next/static/chunks/node_modules_next_dist_1e8vcs8._.js:776
[  396671ms] [LOG] [Fast Refresh] done in 62ms @ http://localhost:3000/_next/static/chunks/node_modules_next_dist_1e8vcs8._.js:776
[  396717ms] [LOG] [Fast Refresh] done in 62ms @ http://localhost:3000/_next/static/chunks/node_modules_next_dist_1e8vcs8._.js:776
[  396757ms] [LOG] [Fast Refresh] done in 62ms @ http://localhost:3000/_next/static/chunks/node_modules_next_dist_1e8vcs8._.js:776
[  396796ms] [LOG] [Fast Refresh] done in 62ms @ http://localhost:3000/_next/static/chunks/node_modules_next_dist_1e8vcs8._.js:776
[  396835ms] [LOG] [Fast Refresh] done in 62ms @ http://localhost:3000/_next/static/chunks/node_modules_next_dist_1e8vcs8._.js:776
[  396873ms] [LOG] [Fast Refresh] done in 62ms @ http://localhost:3000/_next/static/chunks/node_modules_next_dist_1e8vcs8._.js:776
[  396913ms] [LOG] [Fast Refresh] done in 62ms @ http://localhost:3000/_next/static/chunks/node_modules_next_dist_1e8vcs8._.js:776
[  396949ms] [LOG] [Fast Refresh] done in 62ms @ http://localhost:3000/_next/static/chunks/node_modules_next_dist_1e8vcs8._.js:776
[  396989ms] [LOG] [Fast Refresh] done in 62ms @ http://localhost:3000/_next/static/chunks/node_modules_next_dist_1e8vcs8._.js:776
[  397026ms] [LOG] [Fast Refresh] done in 62ms @ http://localhost:3000/_next/static/chunks/node_modules_next_dist_1e8vcs8._.js:776
[  397064ms] [LOG] [Fast Refresh] done in 62ms @ http://localhost:3000/_next/static/chunks/node_modules_next_dist_1e8vcs8._.js:776
[  397103ms] [LOG] [Fast Refresh] done in 62ms @ http://localhost:3000/_next/static/chunks/node_modules_next_dist_1e8vcs8._.js:776
[  397139ms] [LOG] [Fast Refresh] done in 62ms @ http://localhost:3000/_next/static/chunks/node_modules_next_dist_1e8vcs8._.js:776
[  397178ms] [LOG] [Fast Refresh] done in 62ms @ http://localhost:3000/_next/static/chunks/node_modules_next_dist_1e8vcs8._.js:776
[  397219ms] [LOG] [Fast Refresh] done in 62ms @ http://localhost:3000/_next/static/chunks/node_modules_next_dist_1e8vcs8._.js:776
[  397264ms] [LOG] [Fast Refresh] done in 62ms @ http://localhost:3000/_next/static/chunks/node_modules_next_dist_1e8vcs8._.js:776
[  397300ms] [LOG] [Fast Refresh] done in 62ms @ http://localhost:3000/_next/static/chunks/node_modules_next_dist_1e8vcs8._.js:776
[  397339ms] [LOG] [Fast Refresh] done in 62ms @ http://localhost:3000/_next/static/chunks/node_modules_next_dist_1e8vcs8._.js:776
[  397378ms] [LOG] [Fast Refresh] done in 62ms @ http://localhost:3000/_next/static/chunks/node_modules_next_dist_1e8vcs8._.js:776
[  397415ms] [LOG] [Fast Refresh] done in 62ms @ http://localhost:3000/_next/static/chunks/node_modules_next_dist_1e8vcs8._.js:776
[  397453ms] [LOG] [Fast Refresh] done in 62ms @ http://localhost:3000/_next/static/chunks/node_modules_next_dist_1e8vcs8._.js:776
[  397489ms] [LOG] [Fast Refresh] done in 62ms @ http://localhost:3000/_next/static/chunks/node_modules_next_dist_1e8vcs8._.js:776
[  397530ms] [LOG] [Fast Refresh] done in 62ms @ http://localhost:3000/_next/static/chunks/node_modules_next_dist_1e8vcs8._.js:776
[  397571ms] [LOG] [Fast Refresh] done in 62ms @ http://localhost:3000/_next/static/chunks/node_modules_next_dist_1e8vcs8._.js:776
[  397610ms] [LOG] [Fast Refresh] done in 62ms @ http://localhost:3000/_next/static/chunks/node_modules_next_dist_1e8vcs8._.js:776
[  397651ms] [LOG] [Fast Refresh] done in 62ms @ http://localhost:3000/_next/static/chunks/node_modules_next_dist_1e8vcs8._.js:776
[  397689ms] [LOG] [Fast Refresh] done in 62ms @ http://localhost:3000/_next/static/chunks/node_modules_next_dist_1e8vcs8._.js:776
[  397727ms] [LOG] [Fast Refresh] done in 62ms @ http://localhost:3000/_next/static/chunks/node_modules_next_dist_1e8vcs8._.js:776
[  397766ms] [LOG] [Fast Refresh] done in 62ms @ http://localhost:3000/_next/static/chunks/node_modules_next_dist_1e8vcs8._.js:776
[  397807ms] [LOG] [Fast Refresh] done in 62ms @ http://localhost:3000/_next/static/chunks/node_modules_next_dist_1e8vcs8._.js:776
[  397846ms] [LOG] [Fast Refresh] done in 62ms @ http://localhost:3000/_next/static/chunks/node_modules_next_dist_1e8vcs8._.js:776
[  397884ms] [LOG] [Fast Refresh] done in 62ms @ http://localhost:3000/_next/static/chunks/node_modules_next_dist_1e8vcs8._.js:776
[  397923ms] [LOG] [Fast Refresh] done in 62ms @ http://localhost:3000/_next/static/chunks/node_modules_next_dist_1e8vcs8._.js:776
[  397966ms] [LOG] [Fast Refresh] done in 62ms @ http://localhost:3000/_next/static/chunks/node_modules_next_dist_1e8vcs8._.js:776
[  398004ms] [LOG] [Fast Refresh] done in 62ms @ http://localhost:3000/_next/static/chunks/node_modules_next_dist_1e8vcs8._.js:776
[  398044ms] [LOG] [Fast Refresh] done in 62ms @ http://localhost:3000/_next/static/chunks/node_modules_next_dist_1e8vcs8._.js:776
[  398087ms] [LOG] [Fast Refresh] done in 62ms @ http://localhost:3000/_next/static/chunks/node_modules_next_dist_1e8vcs8._.js:776
[  398125ms] [LOG] [Fast Refresh] done in 62ms @ http://localhost:3000/_next/static/chunks/node_modules_next_dist_1e8vcs8._.js:776
[  398163ms] [LOG] [Fast Refresh] done in 62ms @ http://localhost:3000/_next/static/chunks/node_modules_next_dist_1e8vcs8._.js:776
[  398201ms] [LOG] [Fast Refresh] done in 62ms @ http://localhost:3000/_next/static/chunks/node_modules_next_dist_1e8vcs8._.js:776
[  398239ms] [LOG] [Fast Refresh] done in 62ms @ http://localhost:3000/_next/static/chunks/node_modules_next_dist_1e8vcs8._.js:776
[  398277ms] [LOG] [Fast Refresh] done in 62ms @ http://localhost:3000/_next/static/chunks/node_modules_next_dist_1e8vcs8._.js:776
[  398317ms] [LOG] [Fast Refresh] done in 62ms @ http://localhost:3000/_next/static/chunks/node_modules_next_dist_1e8vcs8._.js:776
[  398354ms] [LOG] [Fast Refresh] done in 62ms @ http://localhost:3000/_next/static/chunks/node_modules_next_dist_1e8vcs8._.js:776
[  398397ms] [LOG] [Fast Refresh] done in 62ms @ http://localhost:3000/_next/static/chunks/node_modules_next_dist_1e8vcs8._.js:776
[  398462ms] [LOG] [Fast Refresh] done in 62ms @ http://localhost:3000/_next/static/chunks/node_modules_next_dist_1e8vcs8._.js:776
[  398499ms] [LOG] [Fast Refresh] done in 62ms @ http://localhost:3000/_next/static/chunks/node_modules_next_dist_1e8vcs8._.js:776
[  398540ms] [LOG] [Fast Refresh] done in 62ms @ http://localhost:3000/_next/static/chunks/node_modules_next_dist_1e8vcs8._.js:776
[  398577ms] [LOG] [Fast Refresh] done in 62ms @ http://localhost:3000/_next/static/chunks/node_modules_next_dist_1e8vcs8._.js:776
[  398616ms] [LOG] [Fast Refresh] done in 62ms @ http://localhost:3000/_next/static/chunks/node_modules_next_dist_1e8vcs8._.js:776
[  398654ms] [LOG] [Fast Refresh] done in 62ms @ http://localhost:3000/_next/static/chunks/node_modules_next_dist_1e8vcs8._.js:776
[  398693ms] [LOG] [Fast Refresh] done in 62ms @ http://localhost:3000/_next/static/chunks/node_modules_next_dist_1e8vcs8._.js:776
[  398732ms] [LOG] [Fast Refresh] done in 62ms @ http://localhost:3000/_next/static/chunks/node_modules_next_dist_1e8vcs8._.js:776
[  398769ms] [LOG] [Fast Refresh] done in 62ms @ http://localhost:3000/_next/static/chunks/node_modules_next_dist_1e8vcs8._.js:776
[  398807ms] [LOG] [Fast Refresh] done in 62ms @ http://localhost:3000/_next/static/chunks/node_modules_next_dist_1e8vcs8._.js:776
[  398844ms] [LOG] [Fast Refresh] done in 62ms @ http://localhost:3000/_next/static/chunks/node_modules_next_dist_1e8vcs8._.js:776
[  398887ms] [LOG] [Fast Refresh] done in 62ms @ http://localhost:3000/_next/static/chunks/node_modules_next_dist_1e8vcs8._.js:776
[  398924ms] [LOG] [Fast Refresh] done in 62ms @ http://localhost:3000/_next/static/chunks/node_modules_next_dist_1e8vcs8._.js:776
[  398962ms] [LOG] [Fast Refresh] done in 62ms @ http://localhost:3000/_next/static/chunks/node_modules_next_dist_1e8vcs8._.js:776
[  399000ms] [LOG] [Fast Refresh] done in 62ms @ http://localhost:3000/_next/static/chunks/node_modules_next_dist_1e8vcs8._.js:776
[  399040ms] [LOG] [Fast Refresh] done in 62ms @ http://localhost:3000/_next/static/chunks/node_modules_next_dist_1e8vcs8._.js:776
[  399133ms] [LOG] [Fast Refresh] done in 62ms @ http://localhost:3000/_next/static/chunks/node_modules_next_dist_1e8vcs8._.js:776
[  399174ms] [LOG] [Fast Refresh] done in 62ms @ http://localhost:3000/_next/static/chunks/node_modules_next_dist_1e8vcs8._.js:776
[  399214ms] [LOG] [Fast Refresh] done in 62ms @ http://localhost:3000/_next/static/chunks/node_modules_next_dist_1e8vcs8._.js:776
[  399253ms] [LOG] [Fast Refresh] done in 62ms @ http://localhost:3000/_next/static/chunks/node_modules_next_dist_1e8vcs8._.js:776
[  399294ms] [LOG] [Fast Refresh] done in 62ms @ http://localhost:3000/_next/static/chunks/node_modules_next_dist_1e8vcs8._.js:776
[  399332ms] [LOG] [Fast Refresh] done in 62ms @ http://localhost:3000/_next/static/chunks/node_modules_next_dist_1e8vcs8._.js:776
[  399375ms] [LOG] [Fast Refresh] done in 62ms @ http://localhost:3000/_next/static/chunks/node_modules_next_dist_1e8vcs8._.js:776
[  399415ms] [LOG] [Fast Refresh] done in 62ms @ http://localhost:3000/_next/static/chunks/node_modules_next_dist_1e8vcs8._.js:776
[  399454ms] [LOG] [Fast Refresh] done in 62ms @ http://localhost:3000/_next/static/chunks/node_modules_next_dist_1e8vcs8._.js:776
[  399491ms] [LOG] [Fast Refresh] done in 62ms @ http://localhost:3000/_next/static/chunks/node_modules_next_dist_1e8vcs8._.js:776
[  399527ms] [LOG] [Fast Refresh] done in 62ms @ http://localhost:3000/_next/static/chunks/node_modules_next_dist_1e8vcs8._.js:776
[  399564ms] [LOG] [Fast Refresh] done in 62ms @ http://localhost:3000/_next/static/chunks/node_modules_next_dist_1e8vcs8._.js:776
[  399604ms] [LOG] [Fast Refresh] done in 62ms @ http://localhost:3000/_next/static/chunks/node_modules_next_dist_1e8vcs8._.js:776
[  399642ms] [LOG] [Fast Refresh] done in 62ms @ http://localhost:3000/_next/static/chunks/node_modules_next_dist_1e8vcs8._.js:776
[  399682ms] [LOG] [Fast Refresh] done in 62ms @ http://localhost:3000/_next/static/chunks/node_modules_next_dist_1e8vcs8._.js:776
[  399719ms] [LOG] [Fast Refresh] done in 62ms @ http://localhost:3000/_next/static/chunks/node_modules_next_dist_1e8vcs8._.js:776
[  399758ms] [LOG] [Fast Refresh] done in 62ms @ http://localhost:3000/_next/static/chunks/node_modules_next_dist_1e8vcs8._.js:776
[  399794ms] [LOG] [Fast Refresh] done in 62ms @ http://localhost:3000/_next/static/chunks/node_modules_next_dist_1e8vcs8._.js:776
[  399834ms] [LOG] [Fast Refresh] done in 62ms @ http://localhost:3000/_next/static/chunks/node_modules_next_dist_1e8vcs8._.js:776
[  399874ms] [LOG] [Fast Refresh] done in 62ms @ http://localhost:3000/_next/static/chunks/node_modules_next_dist_1e8vcs8._.js:776
[  399916ms] [LOG] [Fast Refresh] done in 62ms @ http://localhost:3000/_next/static/chunks/node_modules_next_dist_1e8vcs8._.js:776
[  399953ms] [LOG] [Fast Refresh] done in 62ms @ http://localhost:3000/_next/static/chunks/node_modules_next_dist_1e8vcs8._.js:776
[  399990ms] [LOG] [Fast Refresh] done in 62ms @ http://localhost:3000/_next/static/chunks/node_modules_next_dist_1e8vcs8._.js:776
[  400026ms] [LOG] [Fast Refresh] done in 62ms @ http://localhost:3000/_next/static/chunks/node_modules_next_dist_1e8vcs8._.js:776
[  400065ms] [LOG] [Fast Refresh] done in 62ms @ http://localhost:3000/_next/static/chunks/node_modules_next_dist_1e8vcs8._.js:776
[  400103ms] [LOG] [Fast Refresh] done in 62ms @ http://localhost:3000/_next/static/chunks/node_modules_next_dist_1e8vcs8._.js:776
[  400142ms] [LOG] [Fast Refresh] done in 62ms @ http://localhost:3000/_next/static/chunks/node_modules_next_dist_1e8vcs8._.js:776
[  400181ms] [LOG] [Fast Refresh] done in 62ms @ http://localhost:3000/_next/static/chunks/node_modules_next_dist_1e8vcs8._.js:776
[  400219ms] [LOG] [Fast Refresh] done in 62ms @ http://localhost:3000/_next/static/chunks/node_modules_next_dist_1e8vcs8._.js:776
[  400264ms] [LOG] [Fast Refresh] done in 62ms @ http://localhost:3000/_next/static/chunks/node_modules_next_dist_1e8vcs8._.js:776
[  400303ms] [LOG] [Fast Refresh] done in 62ms @ http://localhost:3000/_next/static/chunks/node_modules_next_dist_1e8vcs8._.js:776
[  400342ms] [LOG] [Fast Refresh] done in 62ms @ http://localhost:3000/_next/static/chunks/node_modules_next_dist_1e8vcs8._.js:776
[  400379ms] [LOG] [Fast Refresh] done in 62ms @ http://localhost:3000/_next/static/chunks/node_modules_next_dist_1e8vcs8._.js:776
[  400420ms] [LOG] [Fast Refresh] done in 62ms @ http://localhost:3000/_next/static/chunks/node_modules_next_dist_1e8vcs8._.js:776
[  400456ms] [LOG] [Fast Refresh] done in 62ms @ http://localhost:3000/_next/static/chunks/node_modules_next_dist_1e8vcs8._.js:776
[  400494ms] [LOG] [Fast Refresh] done in 62ms @ http://localhost:3000/_next/static/chunks/node_modules_next_dist_1e8vcs8._.js:776
[  400532ms] [LOG] [Fast Refresh] done in 62ms @ http://localhost:3000/_next/static/chunks/node_modules_next_dist_1e8vcs8._.js:776
[  400571ms] [LOG] [Fast Refresh] done in 62ms @ http://localhost:3000/_next/static/chunks/node_modules_next_dist_1e8vcs8._.js:776
[  400608ms] [LOG] [Fast Refresh] done in 62ms @ http://localhost:3000/_next/static/chunks/node_modules_next_dist_1e8vcs8._.js:776
[  400645ms] [LOG] [Fast Refresh] done in 62ms @ http://localhost:3000/_next/static/chunks/node_modules_next_dist_1e8vcs8._.js:776
[  400684ms] [LOG] [Fast Refresh] done in 62ms @ http://localhost:3000/_next/static/chunks/node_modules_next_dist_1e8vcs8._.js:776
[  400721ms] [LOG] [Fast Refresh] done in 62ms @ http://localhost:3000/_next/static/chunks/node_modules_next_dist_1e8vcs8._.js:776
[  400758ms] [LOG] [Fast Refresh] done in 62ms @ http://localhost:3000/_next/static/chunks/node_modules_next_dist_1e8vcs8._.js:776
[  400794ms] [LOG] [Fast Refresh] done in 62ms @ http://localhost:3000/_next/static/chunks/node_modules_next_dist_1e8vcs8._.js:776
[  400833ms] [LOG] [Fast Refresh] done in 62ms @ http://localhost:3000/_next/static/chunks/node_modules_next_dist_1e8vcs8._.js:776
[  400871ms] [LOG] [Fast Refresh] done in 62ms @ http://localhost:3000/_next/static/chunks/node_modules_next_dist_1e8vcs8._.js:776
[  400909ms] [LOG] [Fast Refresh] done in 62ms @ http://localhost:3000/_next/static/chunks/node_modules_next_dist_1e8vcs8._.js:776
[  400946ms] [LOG] [Fast Refresh] done in 62ms @ http://localhost:3000/_next/static/chunks/node_modules_next_dist_1e8vcs8._.js:776
[  400983ms] [LOG] [Fast Refresh] done in 62ms @ http://localhost:3000/_next/static/chunks/node_modules_next_dist_1e8vcs8._.js:776
[  401019ms] [LOG] [Fast Refresh] done in 62ms @ http://localhost:3000/_next/static/chunks/node_modules_next_dist_1e8vcs8._.js:776
[  401058ms] [LOG] [Fast Refresh] done in 62ms @ http://localhost:3000/_next/static/chunks/node_modules_next_dist_1e8vcs8._.js:776
[  401095ms] [LOG] [Fast Refresh] done in 62ms @ http://localhost:3000/_next/static/chunks/node_modules_next_dist_1e8vcs8._.js:776
[  401134ms] [LOG] [Fast Refresh] done in 62ms @ http://localhost:3000/_next/static/chunks/node_modules_next_dist_1e8vcs8._.js:776
[  401172ms] [LOG] [Fast Refresh] done in 62ms @ http://localhost:3000/_next/static/chunks/node_modules_next_dist_1e8vcs8._.js:776
[  401211ms] [LOG] [Fast Refresh] done in 62ms @ http://localhost:3000/_next/static/chunks/node_modules_next_dist_1e8vcs8._.js:776
[  401248ms] [LOG] [Fast Refresh] done in 62ms @ http://localhost:3000/_next/static/chunks/node_modules_next_dist_1e8vcs8._.js:776
[  401285ms] [LOG] [Fast Refresh] done in 62ms @ http://localhost:3000/_next/static/chunks/node_modules_next_dist_1e8vcs8._.js:776
[  401325ms] [LOG] [Fast Refresh] done in 62ms @ http://localhost:3000/_next/static/chunks/node_modules_next_dist_1e8vcs8._.js:776
[  401363ms] [LOG] [Fast Refresh] done in 62ms @ http://localhost:3000/_next/static/chunks/node_modules_next_dist_1e8vcs8._.js:776
[  401399ms] [LOG] [Fast Refresh] done in 62ms @ http://localhost:3000/_next/static/chunks/node_modules_next_dist_1e8vcs8._.js:776
[  401437ms] [LOG] [Fast Refresh] done in 62ms @ http://localhost:3000/_next/static/chunks/node_modules_next_dist_1e8vcs8._.js:776
[  401473ms] [LOG] [Fast Refresh] done in 62ms @ http://localhost:3000/_next/static/chunks/node_modules_next_dist_1e8vcs8._.js:776
[  401510ms] [LOG] [Fast Refresh] done in 62ms @ http://localhost:3000/_next/static/chunks/node_modules_next_dist_1e8vcs8._.js:776
[  401548ms] [LOG] [Fast Refresh] done in 62ms @ http://localhost:3000/_next/static/chunks/node_modules_next_dist_1e8vcs8._.js:776
[  401585ms] [LOG] [Fast Refresh] done in 62ms @ http://localhost:3000/_next/static/chunks/node_modules_next_dist_1e8vcs8._.js:776
[  401622ms] [LOG] [Fast Refresh] done in 62ms @ http://localhost:3000/_next/static/chunks/node_modules_next_dist_1e8vcs8._.js:776
[  401659ms] [LOG] [Fast Refresh] done in 62ms @ http://localhost:3000/_next/static/chunks/node_modules_next_dist_1e8vcs8._.js:776
[  401694ms] [LOG] [Fast Refresh] done in 62ms @ http://localhost:3000/_next/static/chunks/node_modules_next_dist_1e8vcs8._.js:776
[  401732ms] [LOG] [Fast Refresh] done in 62ms @ http://localhost:3000/_next/static/chunks/node_modules_next_dist_1e8vcs8._.js:776
[  401769ms] [LOG] [Fast Refresh] done in 62ms @ http://localhost:3000/_next/static/chunks/node_modules_next_dist_1e8vcs8._.js:776
[  401808ms] [LOG] [Fast Refresh] done in 62ms @ http://localhost:3000/_next/static/chunks/node_modules_next_dist_1e8vcs8._.js:776
[  401844ms] [LOG] [Fast Refresh] done in 62ms @ http://localhost:3000/_next/static/chunks/node_modules_next_dist_1e8vcs8._.js:776
[  401881ms] [LOG] [Fast Refresh] done in 62ms @ http://localhost:3000/_next/static/chunks/node_modules_next_dist_1e8vcs8._.js:776
[  401919ms] [LOG] [Fast Refresh] done in 62ms @ http://localhost:3000/_next/static/chunks/node_modules_next_dist_1e8vcs8._.js:776
[  401956ms] [LOG] [Fast Refresh] done in 62ms @ http://localhost:3000/_next/static/chunks/node_modules_next_dist_1e8vcs8._.js:776
[  401994ms] [LOG] [Fast Refresh] done in 62ms @ http://localhost:3000/_next/static/chunks/node_modules_next_dist_1e8vcs8._.js:776
[  402031ms] [LOG] [Fast Refresh] done in 62ms @ http://localhost:3000/_next/static/chunks/node_modules_next_dist_1e8vcs8._.js:776
[  402071ms] [LOG] [Fast Refresh] done in 62ms @ http://localhost:3000/_next/static/chunks/node_modules_next_dist_1e8vcs8._.js:776
[  402109ms] [LOG] [Fast Refresh] done in 62ms @ http://localhost:3000/_next/static/chunks/node_modules_next_dist_1e8vcs8._.js:776
[  402144ms] [LOG] [Fast Refresh] done in 62ms @ http://localhost:3000/_next/static/chunks/node_modules_next_dist_1e8vcs8._.js:776
[  402182ms] [LOG] [Fast Refresh] done in 62ms @ http://localhost:3000/_next/static/chunks/node_modules_next_dist_1e8vcs8._.js:776
[  402218ms] [LOG] [Fast Refresh] done in 62ms @ http://localhost:3000/_next/static/chunks/node_modules_next_dist_1e8vcs8._.js:776
[  402257ms] [LOG] [Fast Refresh] done in 62ms @ http://localhost:3000/_next/static/chunks/node_modules_next_dist_1e8vcs8._.js:776
[  402297ms] [LOG] [Fast Refresh] done in 62ms @ http://localhost:3000/_next/static/chunks/node_modules_next_dist_1e8vcs8._.js:776
[  402334ms] [LOG] [Fast Refresh] done in 62ms @ http://localhost:3000/_next/static/chunks/node_modules_next_dist_1e8vcs8._.js:776
[  402372ms] [LOG] [Fast Refresh] done in 62ms @ http://localhost:3000/_next/static/chunks/node_modules_next_dist_1e8vcs8._.js:776
[  402408ms] [LOG] [Fast Refresh] done in 62ms @ http://localhost:3000/_next/static/chunks/node_modules_next_dist_1e8vcs8._.js:776
[  402446ms] [LOG] [Fast Refresh] done in 62ms @ http://localhost:3000/_next/static/chunks/node_modules_next_dist_1e8vcs8._.js:776
[  402485ms] [LOG] [Fast Refresh] done in 62ms @ http://localhost:3000/_next/static/chunks/node_modules_next_dist_1e8vcs8._.js:776
[  402522ms] [LOG] [Fast Refresh] done in 62ms @ http://localhost:3000/_next/static/chunks/node_modules_next_dist_1e8vcs8._.js:776
[  402560ms] [LOG] [Fast Refresh] done in 62ms @ http://localhost:3000/_next/static/chunks/node_modules_next_dist_1e8vcs8._.js:776
[  402599ms] [LOG] [Fast Refresh] done in 62ms @ http://localhost:3000/_next/static/chunks/node_modules_next_dist_1e8vcs8._.js:776
[  402638ms] [LOG] [Fast Refresh] done in 62ms @ http://localhost:3000/_next/static/chunks/node_modules_next_dist_1e8vcs8._.js:776
[  402681ms] [LOG] [Fast Refresh] done in 62ms @ http://localhost:3000/_next/static/chunks/node_modules_next_dist_1e8vcs8._.js:776
[  402719ms] [LOG] [Fast Refresh] done in 62ms @ http://localhost:3000/_next/static/chunks/node_modules_next_dist_1e8vcs8._.js:776
[  402757ms] [LOG] [Fast Refresh] done in 62ms @ http://localhost:3000/_next/static/chunks/node_modules_next_dist_1e8vcs8._.js:776
[  402795ms] [LOG] [Fast Refresh] done in 62ms @ http://localhost:3000/_next/static/chunks/node_modules_next_dist_1e8vcs8._.js:776
[  402834ms] [LOG] [Fast Refresh] done in 62ms @ http://localhost:3000/_next/static/chunks/node_modules_next_dist_1e8vcs8._.js:776
[  402877ms] [LOG] [Fast Refresh] done in 62ms @ http://localhost:3000/_next/static/chunks/node_modules_next_dist_1e8vcs8._.js:776
[  402918ms] [LOG] [Fast Refresh] done in 62ms @ http://localhost:3000/_next/static/chunks/node_modules_next_dist_1e8vcs8._.js:776
[  402958ms] [LOG] [Fast Refresh] done in 62ms @ http://localhost:3000/_next/static/chunks/node_modules_next_dist_1e8vcs8._.js:776
[  402997ms] [LOG] [Fast Refresh] done in 62ms @ http://localhost:3000/_next/static/chunks/node_modules_next_dist_1e8vcs8._.js:776
[  403034ms] [LOG] [Fast Refresh] done in 62ms @ http://localhost:3000/_next/static/chunks/node_modules_next_dist_1e8vcs8._.js:776
[  403071ms] [LOG] [Fast Refresh] done in 62ms @ http://localhost:3000/_next/static/chunks/node_modules_next_dist_1e8vcs8._.js:776
[  403108ms] [LOG] [Fast Refresh] done in 62ms @ http://localhost:3000/_next/static/chunks/node_modules_next_dist_1e8vcs8._.js:776
[  403144ms] [LOG] [Fast Refresh] done in 62ms @ http://localhost:3000/_next/static/chunks/node_modules_next_dist_1e8vcs8._.js:776
[  403184ms] [LOG] [Fast Refresh] done in 62ms @ http://localhost:3000/_next/static/chunks/node_modules_next_dist_1e8vcs8._.js:776
[  403222ms] [LOG] [Fast Refresh] done in 62ms @ http://localhost:3000/_next/static/chunks/node_modules_next_dist_1e8vcs8._.js:776
[  403258ms] [LOG] [Fast Refresh] done in 62ms @ http://localhost:3000/_next/static/chunks/node_modules_next_dist_1e8vcs8._.js:776
[  403298ms] [LOG] [Fast Refresh] done in 62ms @ http://localhost:3000/_next/static/chunks/node_modules_next_dist_1e8vcs8._.js:776
[  403337ms] [LOG] [Fast Refresh] done in 62ms @ http://localhost:3000/_next/static/chunks/node_modules_next_dist_1e8vcs8._.js:776
[  403373ms] [LOG] [Fast Refresh] done in 62ms @ http://localhost:3000/_next/static/chunks/node_modules_next_dist_1e8vcs8._.js:776
[  403412ms] [LOG] [Fast Refresh] done in 62ms @ http://localhost:3000/_next/static/chunks/node_modules_next_dist_1e8vcs8._.js:776
[  403451ms] [LOG] [Fast Refresh] done in 62ms @ http://localhost:3000/_next/static/chunks/node_modules_next_dist_1e8vcs8._.js:776
[  403488ms] [LOG] [Fast Refresh] done in 62ms @ http://localhost:3000/_next/static/chunks/node_modules_next_dist_1e8vcs8._.js:776
[  403527ms] [LOG] [Fast Refresh] done in 62ms @ http://localhost:3000/_next/static/chunks/node_modules_next_dist_1e8vcs8._.js:776
[  403565ms] [LOG] [Fast Refresh] done in 62ms @ http://localhost:3000/_next/static/chunks/node_modules_next_dist_1e8vcs8._.js:776
[  403602ms] [LOG] [Fast Refresh] done in 62ms @ http://localhost:3000/_next/static/chunks/node_modules_next_dist_1e8vcs8._.js:776
[  403638ms] [LOG] [Fast Refresh] done in 62ms @ http://localhost:3000/_next/static/chunks/node_modules_next_dist_1e8vcs8._.js:776
[  403676ms] [LOG] [Fast Refresh] done in 62ms @ http://localhost:3000/_next/static/chunks/node_modules_next_dist_1e8vcs8._.js:776
[  403716ms] [LOG] [Fast Refresh] done in 62ms @ http://localhost:3000/_next/static/chunks/node_modules_next_dist_1e8vcs8._.js:776
[  403752ms] [LOG] [Fast Refresh] done in 62ms @ http://localhost:3000/_next/static/chunks/node_modules_next_dist_1e8vcs8._.js:776
[  403790ms] [LOG] [Fast Refresh] done in 62ms @ http://localhost:3000/_next/static/chunks/node_modules_next_dist_1e8vcs8._.js:776
[  403828ms] [LOG] [Fast Refresh] done in 62ms @ http://localhost:3000/_next/static/chunks/node_modules_next_dist_1e8vcs8._.js:776
[  403865ms] [LOG] [Fast Refresh] done in 62ms @ http://localhost:3000/_next/static/chunks/node_modules_next_dist_1e8vcs8._.js:776
[  403905ms] [LOG] [Fast Refresh] done in 62ms @ http://localhost:3000/_next/static/chunks/node_modules_next_dist_1e8vcs8._.js:776
[  403941ms] [LOG] [Fast Refresh] done in 62ms @ http://localhost:3000/_next/static/chunks/node_modules_next_dist_1e8vcs8._.js:776
[  403981ms] [LOG] [Fast Refresh] done in 62ms @ http://localhost:3000/_next/static/chunks/node_modules_next_dist_1e8vcs8._.js:776
[  404019ms] [LOG] [Fast Refresh] done in 62ms @ http://localhost:3000/_next/static/chunks/node_modules_next_dist_1e8vcs8._.js:776
[  404058ms] [LOG] [Fast Refresh] done in 62ms @ http://localhost:3000/_next/static/chunks/node_modules_next_dist_1e8vcs8._.js:776
[  404096ms] [LOG] [Fast Refresh] done in 62ms @ http://localhost:3000/_next/static/chunks/node_modules_next_dist_1e8vcs8._.js:776
[  404134ms] [LOG] [Fast Refresh] done in 62ms @ http://localhost:3000/_next/static/chunks/node_modules_next_dist_1e8vcs8._.js:776
[  404172ms] [LOG] [Fast Refresh] done in 62ms @ http://localhost:3000/_next/static/chunks/node_modules_next_dist_1e8vcs8._.js:776
[  404208ms] [LOG] [Fast Refresh] done in 62ms @ http://localhost:3000/_next/static/chunks/node_modules_next_dist_1e8vcs8._.js:776
[  404246ms] [LOG] [Fast Refresh] done in 62ms @ http://localhost:3000/_next/static/chunks/node_modules_next_dist_1e8vcs8._.js:776
[  404284ms] [LOG] [Fast Refresh] done in 62ms @ http://localhost:3000/_next/static/chunks/node_modules_next_dist_1e8vcs8._.js:776
[  404321ms] [LOG] [Fast Refresh] done in 62ms @ http://localhost:3000/_next/static/chunks/node_modules_next_dist_1e8vcs8._.js:776
[  404359ms] [LOG] [Fast Refresh] done in 62ms @ http://localhost:3000/_next/static/chunks/node_modules_next_dist_1e8vcs8._.js:776
[  404397ms] [LOG] [Fast Refresh] done in 62ms @ http://localhost:3000/_next/static/chunks/node_modules_next_dist_1e8vcs8._.js:776
[  404434ms] [LOG] [Fast Refresh] done in 62ms @ http://localhost:3000/_next/static/chunks/node_modules_next_dist_1e8vcs8._.js:776
[  404471ms] [LOG] [Fast Refresh] done in 62ms @ http://localhost:3000/_next/static/chunks/node_modules_next_dist_1e8vcs8._.js:776
[  404509ms] [LOG] [Fast Refresh] done in 62ms @ http://localhost:3000/_next/static/chunks/node_modules_next_dist_1e8vcs8._.js:776
[  404549ms] [LOG] [Fast Refresh] done in 62ms @ http://localhost:3000/_next/static/chunks/node_modules_next_dist_1e8vcs8._.js:776
[  404586ms] [LOG] [Fast Refresh] done in 62ms @ http://localhost:3000/_next/static/chunks/node_modules_next_dist_1e8vcs8._.js:776
[  404625ms] [LOG] [Fast Refresh] done in 62ms @ http://localhost:3000/_next/static/chunks/node_modules_next_dist_1e8vcs8._.js:776
[  404663ms] [LOG] [Fast Refresh] done in 62ms @ http://localhost:3000/_next/static/chunks/node_modules_next_dist_1e8vcs8._.js:776
[  404700ms] [LOG] [Fast Refresh] done in 62ms @ http://localhost:3000/_next/static/chunks/node_modules_next_dist_1e8vcs8._.js:776
[  404737ms] [LOG] [Fast Refresh] done in 62ms @ http://localhost:3000/_next/static/chunks/node_modules_next_dist_1e8vcs8._.js:776
[  404775ms] [LOG] [Fast Refresh] done in 62ms @ http://localhost:3000/_next/static/chunks/node_modules_next_dist_1e8vcs8._.js:776
[  404813ms] [LOG] [Fast Refresh] done in 62ms @ http://localhost:3000/_next/static/chunks/node_modules_next_dist_1e8vcs8._.js:776
[  404852ms] [LOG] [Fast Refresh] done in 62ms @ http://localhost:3000/_next/static/chunks/node_modules_next_dist_1e8vcs8._.js:776
[  404890ms] [LOG] [Fast Refresh] done in 62ms @ http://localhost:3000/_next/static/chunks/node_modules_next_dist_1e8vcs8._.js:776
[  404928ms] [LOG] [Fast Refresh] done in 62ms @ http://localhost:3000/_next/static/chunks/node_modules_next_dist_1e8vcs8._.js:776
[  404965ms] [LOG] [Fast Refresh] done in 62ms @ http://localhost:3000/_next/static/chunks/node_modules_next_dist_1e8vcs8._.js:776
[  405003ms] [LOG] [Fast Refresh] done in 62ms @ http://localhost:3000/_next/static/chunks/node_modules_next_dist_1e8vcs8._.js:776
[  405041ms] [LOG] [Fast Refresh] done in 62ms @ http://localhost:3000/_next/static/chunks/node_modules_next_dist_1e8vcs8._.js:776
[  405079ms] [LOG] [Fast Refresh] done in 62ms @ http://localhost:3000/_next/static/chunks/node_modules_next_dist_1e8vcs8._.js:776
[  405117ms] [LOG] [Fast Refresh] done in 62ms @ http://localhost:3000/_next/static/chunks/node_modules_next_dist_1e8vcs8._.js:776
[  405153ms] [LOG] [Fast Refresh] done in 62ms @ http://localhost:3000/_next/static/chunks/node_modules_next_dist_1e8vcs8._.js:776
[  405190ms] [LOG] [Fast Refresh] done in 62ms @ http://localhost:3000/_next/static/chunks/node_modules_next_dist_1e8vcs8._.js:776
[  405226ms] [LOG] [Fast Refresh] done in 62ms @ http://localhost:3000/_next/static/chunks/node_modules_next_dist_1e8vcs8._.js:776
[  405262ms] [LOG] [Fast Refresh] done in 62ms @ http://localhost:3000/_next/static/chunks/node_modules_next_dist_1e8vcs8._.js:776
[  405299ms] [LOG] [Fast Refresh] done in 62ms @ http://localhost:3000/_next/static/chunks/node_modules_next_dist_1e8vcs8._.js:776
[  405338ms] [LOG] [Fast Refresh] done in 62ms @ http://localhost:3000/_next/static/chunks/node_modules_next_dist_1e8vcs8._.js:776
[  405375ms] [LOG] [Fast Refresh] done in 62ms @ http://localhost:3000/_next/static/chunks/node_modules_next_dist_1e8vcs8._.js:776
[  405412ms] [LOG] [Fast Refresh] done in 62ms @ http://localhost:3000/_next/static/chunks/node_modules_next_dist_1e8vcs8._.js:776
[  405449ms] [LOG] [Fast Refresh] done in 62ms @ http://localhost:3000/_next/static/chunks/node_modules_next_dist_1e8vcs8._.js:776
[  405486ms] [LOG] [Fast Refresh] done in 62ms @ http://localhost:3000/_next/static/chunks/node_modules_next_dist_1e8vcs8._.js:776
[  405522ms] [LOG] [Fast Refresh] done in 62ms @ http://localhost:3000/_next/static/chunks/node_modules_next_dist_1e8vcs8._.js:776
[  405558ms] [LOG] [Fast Refresh] done in 62ms @ http://localhost:3000/_next/static/chunks/node_modules_next_dist_1e8vcs8._.js:776
[  405595ms] [LOG] [Fast Refresh] done in 62ms @ http://localhost:3000/_next/static/chunks/node_modules_next_dist_1e8vcs8._.js:776
[  405631ms] [LOG] [Fast Refresh] done in 62ms @ http://localhost:3000/_next/static/chunks/node_modules_next_dist_1e8vcs8._.js:776
[  405670ms] [LOG] [Fast Refresh] done in 62ms @ http://localhost:3000/_next/static/chunks/node_modules_next_dist_1e8vcs8._.js:776
[  405707ms] [LOG] [Fast Refresh] done in 62ms @ http://localhost:3000/_next/static/chunks/node_modules_next_dist_1e8vcs8._.js:776
[  405745ms] [LOG] [Fast Refresh] done in 62ms @ http://localhost:3000/_next/static/chunks/node_modules_next_dist_1e8vcs8._.js:776
[  405782ms] [LOG] [Fast Refresh] done in 62ms @ http://localhost:3000/_next/static/chunks/node_modules_next_dist_1e8vcs8._.js:776
[  405819ms] [LOG] [Fast Refresh] done in 62ms @ http://localhost:3000/_next/static/chunks/node_modules_next_dist_1e8vcs8._.js:776
[  405857ms] [LOG] [Fast Refresh] done in 62ms @ http://localhost:3000/_next/static/chunks/node_modules_next_dist_1e8vcs8._.js:776
[  405895ms] [LOG] [Fast Refresh] done in 62ms @ http://localhost:3000/_next/static/chunks/node_modules_next_dist_1e8vcs8._.js:776
[  405934ms] [LOG] [Fast Refresh] done in 62ms @ http://localhost:3000/_next/static/chunks/node_modules_next_dist_1e8vcs8._.js:776
[  405972ms] [LOG] [Fast Refresh] done in 62ms @ http://localhost:3000/_next/static/chunks/node_modules_next_dist_1e8vcs8._.js:776
[  406009ms] [LOG] [Fast Refresh] done in 62ms @ http://localhost:3000/_next/static/chunks/node_modules_next_dist_1e8vcs8._.js:776
[  406048ms] [LOG] [Fast Refresh] done in 62ms @ http://localhost:3000/_next/static/chunks/node_modules_next_dist_1e8vcs8._.js:776
[  406087ms] [LOG] [Fast Refresh] done in 62ms @ http://localhost:3000/_next/static/chunks/node_modules_next_dist_1e8vcs8._.js:776
[  406125ms] [LOG] [Fast Refresh] done in 62ms @ http://localhost:3000/_next/static/chunks/node_modules_next_dist_1e8vcs8._.js:776
[  406165ms] [LOG] [Fast Refresh] done in 62ms @ http://localhost:3000/_next/static/chunks/node_modules_next_dist_1e8vcs8._.js:776
[  406201ms] [LOG] [Fast Refresh] done in 62ms @ http://localhost:3000/_next/static/chunks/node_modules_next_dist_1e8vcs8._.js:776
[  406237ms] [LOG] [Fast Refresh] done in 62ms @ http://localhost:3000/_next/static/chunks/node_modules_next_dist_1e8vcs8._.js:776
[  406274ms] [LOG] [Fast Refresh] done in 62ms @ http://localhost:3000/_next/static/chunks/node_modules_next_dist_1e8vcs8._.js:776
[  406311ms] [LOG] [Fast Refresh] done in 62ms @ http://localhost:3000/_next/static/chunks/node_modules_next_dist_1e8vcs8._.js:776
[  406348ms] [LOG] [Fast Refresh] done in 62ms @ http://localhost:3000/_next/static/chunks/node_modules_next_dist_1e8vcs8._.js:776
[  406384ms] [LOG] [Fast Refresh] done in 62ms @ http://localhost:3000/_next/static/chunks/node_modules_next_dist_1e8vcs8._.js:776
[  406421ms] [LOG] [Fast Refresh] done in 62ms @ http://localhost:3000/_next/static/chunks/node_modules_next_dist_1e8vcs8._.js:776
[  406460ms] [LOG] [Fast Refresh] done in 62ms @ http://localhost:3000/_next/static/chunks/node_modules_next_dist_1e8vcs8._.js:776
[  406498ms] [LOG] [Fast Refresh] done in 62ms @ http://localhost:3000/_next/static/chunks/node_modules_next_dist_1e8vcs8._.js:776
[  406536ms] [LOG] [Fast Refresh] done in 62ms @ http://localhost:3000/_next/static/chunks/node_modules_next_dist_1e8vcs8._.js:776
[  406574ms] [LOG] [Fast Refresh] done in 62ms @ http://localhost:3000/_next/static/chunks/node_modules_next_dist_1e8vcs8._.js:776
[  406611ms] [LOG] [Fast Refresh] done in 62ms @ http://localhost:3000/_next/static/chunks/node_modules_next_dist_1e8vcs8._.js:776
[  406649ms] [LOG] [Fast Refresh] done in 62ms @ http://localhost:3000/_next/static/chunks/node_modules_next_dist_1e8vcs8._.js:776
[  406686ms] [LOG] [Fast Refresh] done in 62ms @ http://localhost:3000/_next/static/chunks/node_modules_next_dist_1e8vcs8._.js:776
[  406724ms] [LOG] [Fast Refresh] done in 62ms @ http://localhost:3000/_next/static/chunks/node_modules_next_dist_1e8vcs8._.js:776
[  406761ms] [LOG] [Fast Refresh] done in 62ms @ http://localhost:3000/_next/static/chunks/node_modules_next_dist_1e8vcs8._.js:776
[  406798ms] [LOG] [Fast Refresh] done in 62ms @ http://localhost:3000/_next/static/chunks/node_modules_next_dist_1e8vcs8._.js:776
[  406837ms] [LOG] [Fast Refresh] done in 62ms @ http://localhost:3000/_next/static/chunks/node_modules_next_dist_1e8vcs8._.js:776
[  406874ms] [LOG] [Fast Refresh] done in 62ms @ http://localhost:3000/_next/static/chunks/node_modules_next_dist_1e8vcs8._.js:776
[  406914ms] [LOG] [Fast Refresh] done in 62ms @ http://localhost:3000/_next/static/chunks/node_modules_next_dist_1e8vcs8._.js:776
[  406957ms] [LOG] [Fast Refresh] done in 62ms @ http://localhost:3000/_next/static/chunks/node_modules_next_dist_1e8vcs8._.js:776
[  406995ms] [LOG] [Fast Refresh] done in 62ms @ http://localhost:3000/_next/static/chunks/node_modules_next_dist_1e8vcs8._.js:776
[  407033ms] [LOG] [Fast Refresh] done in 62ms @ http://localhost:3000/_next/static/chunks/node_modules_next_dist_1e8vcs8._.js:776
[  407073ms] [LOG] [Fast Refresh] done in 62ms @ http://localhost:3000/_next/static/chunks/node_modules_next_dist_1e8vcs8._.js:776
[  407108ms] [LOG] [Fast Refresh] done in 62ms @ http://localhost:3000/_next/static/chunks/node_modules_next_dist_1e8vcs8._.js:776
[  407144ms] [LOG] [Fast Refresh] done in 62ms @ http://localhost:3000/_next/static/chunks/node_modules_next_dist_1e8vcs8._.js:776
[  407181ms] [LOG] [Fast Refresh] done in 62ms @ http://localhost:3000/_next/static/chunks/node_modules_next_dist_1e8vcs8._.js:776
[  407219ms] [LOG] [Fast Refresh] done in 62ms @ http://localhost:3000/_next/static/chunks/node_modules_next_dist_1e8vcs8._.js:776
[  407258ms] [LOG] [Fast Refresh] done in 62ms @ http://localhost:3000/_next/static/chunks/node_modules_next_dist_1e8vcs8._.js:776
[  407295ms] [LOG] [Fast Refresh] done in 62ms @ http://localhost:3000/_next/static/chunks/node_modules_next_dist_1e8vcs8._.js:776
[  407332ms] [LOG] [Fast Refresh] done in 62ms @ http://localhost:3000/_next/static/chunks/node_modules_next_dist_1e8vcs8._.js:776
[  407372ms] [LOG] [Fast Refresh] done in 62ms @ http://localhost:3000/_next/static/chunks/node_modules_next_dist_1e8vcs8._.js:776
[  407409ms] [LOG] [Fast Refresh] done in 62ms @ http://localhost:3000/_next/static/chunks/node_modules_next_dist_1e8vcs8._.js:776
[  407449ms] [LOG] [Fast Refresh] done in 62ms @ http://localhost:3000/_next/static/chunks/node_modules_next_dist_1e8vcs8._.js:776
[  407485ms] [LOG] [Fast Refresh] done in 62ms @ http://localhost:3000/_next/static/chunks/node_modules_next_dist_1e8vcs8._.js:776
[  407523ms] [LOG] [Fast Refresh] done in 62ms @ http://localhost:3000/_next/static/chunks/node_modules_next_dist_1e8vcs8._.js:776
[  407559ms] [LOG] [Fast Refresh] done in 62ms @ http://localhost:3000/_next/static/chunks/node_modules_next_dist_1e8vcs8._.js:776
[  407597ms] [LOG] [Fast Refresh] done in 62ms @ http://localhost:3000/_next/static/chunks/node_modules_next_dist_1e8vcs8._.js:776
[  407634ms] [LOG] [Fast Refresh] done in 62ms @ http://localhost:3000/_next/static/chunks/node_modules_next_dist_1e8vcs8._.js:776
[  407674ms] [LOG] [Fast Refresh] done in 62ms @ http://localhost:3000/_next/static/chunks/node_modules_next_dist_1e8vcs8._.js:776
[  407712ms] [LOG] [Fast Refresh] done in 62ms @ http://localhost:3000/_next/static/chunks/node_modules_next_dist_1e8vcs8._.js:776
[  407749ms] [LOG] [Fast Refresh] done in 62ms @ http://localhost:3000/_next/static/chunks/node_modules_next_dist_1e8vcs8._.js:776
[  407788ms] [LOG] [Fast Refresh] done in 62ms @ http://localhost:3000/_next/static/chunks/node_modules_next_dist_1e8vcs8._.js:776
[  407824ms] [LOG] [Fast Refresh] done in 62ms @ http://localhost:3000/_next/static/chunks/node_modules_next_dist_1e8vcs8._.js:776
[  407860ms] [LOG] [Fast Refresh] done in 62ms @ http://localhost:3000/_next/static/chunks/node_modules_next_dist_1e8vcs8._.js:776
[  407898ms] [LOG] [Fast Refresh] done in 62ms @ http://localhost:3000/_next/static/chunks/node_modules_next_dist_1e8vcs8._.js:776
[  407937ms] [LOG] [Fast Refresh] done in 62ms @ http://localhost:3000/_next/static/chunks/node_modules_next_dist_1e8vcs8._.js:776
[  407975ms] [LOG] [Fast Refresh] done in 62ms @ http://localhost:3000/_next/static/chunks/node_modules_next_dist_1e8vcs8._.js:776
[  408014ms] [LOG] [Fast Refresh] done in 62ms @ http://localhost:3000/_next/static/chunks/node_modules_next_dist_1e8vcs8._.js:776
[  408053ms] [LOG] [Fast Refresh] done in 62ms @ http://localhost:3000/_next/static/chunks/node_modules_next_dist_1e8vcs8._.js:776
[  408092ms] [LOG] [Fast Refresh] done in 62ms @ http://localhost:3000/_next/static/chunks/node_modules_next_dist_1e8vcs8._.js:776
[  408132ms] [LOG] [Fast Refresh] done in 62ms @ http://localhost:3000/_next/static/chunks/node_modules_next_dist_1e8vcs8._.js:776
[  408171ms] [LOG] [Fast Refresh] done in 62ms @ http://localhost:3000/_next/static/chunks/node_modules_next_dist_1e8vcs8._.js:776
[  408209ms] [LOG] [Fast Refresh] done in 62ms @ http://localhost:3000/_next/static/chunks/node_modules_next_dist_1e8vcs8._.js:776
[  408247ms] [LOG] [Fast Refresh] done in 62ms @ http://localhost:3000/_next/static/chunks/node_modules_next_dist_1e8vcs8._.js:776
[  408285ms] [LOG] [Fast Refresh] done in 62ms @ http://localhost:3000/_next/static/chunks/node_modules_next_dist_1e8vcs8._.js:776
[  408324ms] [LOG] [Fast Refresh] done in 62ms @ http://localhost:3000/_next/static/chunks/node_modules_next_dist_1e8vcs8._.js:776
[  408362ms] [LOG] [Fast Refresh] done in 62ms @ http://localhost:3000/_next/static/chunks/node_modules_next_dist_1e8vcs8._.js:776
[  408399ms] [LOG] [Fast Refresh] done in 62ms @ http://localhost:3000/_next/static/chunks/node_modules_next_dist_1e8vcs8._.js:776
[  408438ms] [LOG] [Fast Refresh] done in 62ms @ http://localhost:3000/_next/static/chunks/node_modules_next_dist_1e8vcs8._.js:776
[  408474ms] [LOG] [Fast Refresh] done in 62ms @ http://localhost:3000/_next/static/chunks/node_modules_next_dist_1e8vcs8._.js:776
[  408516ms] [LOG] [Fast Refresh] done in 62ms @ http://localhost:3000/_next/static/chunks/node_modules_next_dist_1e8vcs8._.js:776
[  408557ms] [LOG] [Fast Refresh] done in 62ms @ http://localhost:3000/_next/static/chunks/node_modules_next_dist_1e8vcs8._.js:776
[  408596ms] [LOG] [Fast Refresh] done in 62ms @ http://localhost:3000/_next/static/chunks/node_modules_next_dist_1e8vcs8._.js:776
[  408632ms] [LOG] [Fast Refresh] done in 62ms @ http://localhost:3000/_next/static/chunks/node_modules_next_dist_1e8vcs8._.js:776
[  408670ms] [LOG] [Fast Refresh] done in 62ms @ http://localhost:3000/_next/static/chunks/node_modules_next_dist_1e8vcs8._.js:776
[  408709ms] [LOG] [Fast Refresh] done in 62ms @ http://localhost:3000/_next/static/chunks/node_modules_next_dist_1e8vcs8._.js:776
[  408749ms] [LOG] [Fast Refresh] done in 62ms @ http://localhost:3000/_next/static/chunks/node_modules_next_dist_1e8vcs8._.js:776
[  408785ms] [LOG] [Fast Refresh] done in 62ms @ http://localhost:3000/_next/static/chunks/node_modules_next_dist_1e8vcs8._.js:776
[  408823ms] [LOG] [Fast Refresh] done in 62ms @ http://localhost:3000/_next/static/chunks/node_modules_next_dist_1e8vcs8._.js:776
[  408862ms] [LOG] [Fast Refresh] done in 62ms @ http://localhost:3000/_next/static/chunks/node_modules_next_dist_1e8vcs8._.js:776
[  408928ms] [LOG] [Fast Refresh] done in 62ms @ http://localhost:3000/_next/static/chunks/node_modules_next_dist_1e8vcs8._.js:776
[  409002ms] [INFO] %cDownload the React DevTools for a better development experience: https://react.dev/link/react-devtools font-weight:bold @ http://localhost:3000/_next/static/chunks/node_modules_next_dist_1e8vcs8._.js:776
[  409024ms] [LOG] [HMR] connected @ http://localhost:3000/_next/static/chunks/node_modules_next_dist_1e8vcs8._.js:776
[  432959ms] [VERBOSE] [DOM] Password field is not contained in a form: (More info: https://goo.gl/9p2vKq) %o @ http://localhost:3000/onboarding:0
